-- phpMyAdmin SQL Dump
-- version 4.0.10.10
-- http://www.phpmyadmin.net
--
-- Host: 127.0.0.1:3306
-- Generation Time: Jan 04, 2016 at 11:02 AM
-- Server version: 5.5.45
-- PHP Version: 5.6.12

SET SQL_MODE = "NO_AUTO_VALUE_ON_ZERO";
SET time_zone = "+00:00";


/*!40101 SET @OLD_CHARACTER_SET_CLIENT=@@CHARACTER_SET_CLIENT */;
/*!40101 SET @OLD_CHARACTER_SET_RESULTS=@@CHARACTER_SET_RESULTS */;
/*!40101 SET @OLD_COLLATION_CONNECTION=@@COLLATION_CONNECTION */;
/*!40101 SET NAMES utf8 */;

--
-- Database: `loft`
--

-- --------------------------------------------------------

--
-- Table structure for table `brand`
--

CREATE TABLE IF NOT EXISTS `brand` (
  `id` tinyint(4) unsigned NOT NULL AUTO_INCREMENT,
  `title` varchar(500) NOT NULL,
  PRIMARY KEY (`id`)
) ENGINE=InnoDB  DEFAULT CHARSET=utf8 COMMENT='таблица для хранения марок' AUTO_INCREMENT=102 ;

--
-- Dumping data for table `brand`
--

INSERT INTO `brand` (`id`, `title`) VALUES
(1, 'Apple Inc.'),
(2, 'Google Inc.'),
(3, 'IBM'),
(4, 'McDonalds'),
(5, 'Microsoft'),
(6, 'The Coca-Cola Company'),
(7, 'AT&T'),
(8, 'Philip Morris International'),
(9, 'China Mobile'),
(10, 'GE'),
(11, 'ICBC'),
(12, 'Vodafone'),
(13, 'Verizon'),
(14, 'Amazon'),
(15, 'Wal-Mart'),
(16, 'Wells Fargo'),
(17, 'UPS'),
(18, 'Hewlett-Packard'),
(19, 'T-Mobile'),
(20, 'Visa'),
(21, 'Movistar'),
(22, 'Oracle'),
(23, 'SAP'),
(24, 'China Construction Bank'),
(25, 'BlackBerry'),
(26, 'Louis Vuitton'),
(27, 'Toyota'),
(28, 'HSBC'),
(29, 'Baidu'),
(30, 'BMW'),
(31, 'Tesco'),
(32, 'Gillette'),
(33, 'China Life'),
(34, 'Pampers'),
(35, 'Facebook'),
(36, 'Orange'),
(37, 'Bank of China'),
(38, 'Disney'),
(39, 'RBC'),
(40, 'American Express'),
(41, 'ExxonMobil'),
(42, 'Toronto-Dominion'),
(43, 'Agri. Bk China'),
(44, 'Cisco'),
(45, 'Budweiser'),
(46, 'LOréal'),
(47, 'Citibank'),
(48, 'NTT Docomo'),
(49, 'Accenture'),
(50, 'Mercedes-Benz'),
(51, 'Shell'),
(52, 'Tencent'),
(53, 'ICICI'),
(54, 'Subway'),
(55, 'Colgate'),
(56, 'Honda'),
(57, 'Nike'),
(58, 'Intel'),
(59, 'Carrefour'),
(60, 'MasterCard'),
(61, 'Petrobras'),
(62, 'H&M'),
(63, 'Pepsi'),
(64, 'BP'),
(65, 'Target'),
(66, 'Porsche'),
(67, 'Samsung'),
(68, 'Chase'),
(69, 'Standard Chartered'),
(70, 'Siemens'),
(71, 'Hermès'),
(72, 'Starbucks'),
(73, 'FedEx'),
(74, 'O2'),
(75, 'Telecom Italia'),
(76, 'Telcel'),
(77, 'Santander'),
(78, 'PetroChina'),
(79, 'Nintendo'),
(80, 'MTS'),
(81, 'Nokia'),
(82, 'eBay'),
(83, 'Ping An'),
(84, 'U.S. Bancorp'),
(85, 'Sony'),
(86, 'Zara'),
(87, 'Scotiabank'),
(88, 'Nissan'),
(89, 'Home Depot'),
(90, 'Paff-Dreams'),
(91, 'China Telecom'),
(92, 'Bank of America'),
(93, 'Red Bull'),
(94, 'Aldi'),
(95, 'TIM'),
(96, 'Barclays'),
(97, 'China Merchants Bank'),
(98, 'Bradesco'),
(99, 'Сбербанк'),
(100, 'Laypan'),
(101, 'Неизвестный');

-- --------------------------------------------------------

--
-- Table structure for table `cart`
--

CREATE TABLE IF NOT EXISTS `cart` (
  `id` int(11) unsigned NOT NULL AUTO_INCREMENT,
  `id_user` int(11) unsigned NOT NULL,
  `id_goods` int(11) NOT NULL,
  `cnt` smallint(6) unsigned NOT NULL DEFAULT '1',
  PRIMARY KEY (`id`),
  KEY `FK_cart_users_id` (`id_user`),
  KEY `FK_cart_goods_id` (`id_goods`)
) ENGINE=InnoDB  DEFAULT CHARSET=utf8 COMMENT='таблица для хранения товаров в корзине' AUTO_INCREMENT=11 ;

--
-- Dumping data for table `cart`
--

INSERT INTO `cart` (`id`, `id_user`, `id_goods`, `cnt`) VALUES
(1, 34, 52, 5),
(2, 34, 53, 7),
(3, 34, 51, 2),
(4, 34, 55, 1),
(5, 34, 56, 2),
(6, 34, 54, 1),
(7, 34, 2, 1),
(8, 34, 3, 1),
(9, 34, 5, 1),
(10, 34, 4, 3);

-- --------------------------------------------------------

--
-- Table structure for table `categoryes`
--

CREATE TABLE IF NOT EXISTS `categoryes` (
  `id` int(11) unsigned NOT NULL AUTO_INCREMENT,
  `title` varchar(1000) NOT NULL,
  PRIMARY KEY (`id`)
) ENGINE=InnoDB  DEFAULT CHARSET=utf8 COMMENT='таблица для хранения категорий товаров' AUTO_INCREMENT=15 ;

--
-- Dumping data for table `categoryes`
--

INSERT INTO `categoryes` (`id`, `title`) VALUES
(1, 'Мелкая бытовая техника'),
(2, 'Книги, канцтовары'),
(3, 'Одежда, обувь'),
(4, 'Компьютеры и комплектующие'),
(5, 'Билеты в театр, кино, на концерты'),
(6, 'Другое'),
(7, 'Крупная бытовая техника'),
(8, 'Косметика и парфюмерия'),
(9, 'Игрушки'),
(10, 'Программное обеспечение'),
(11, 'Лекарства'),
(12, 'Мебель'),
(13, 'Продукты питания'),
(14, 'Автомобили');

-- --------------------------------------------------------

--
-- Table structure for table `ci_sessions`
--

CREATE TABLE IF NOT EXISTS `ci_sessions` (
  `id` varchar(40) NOT NULL,
  `ip_address` varchar(45) DEFAULT NULL,
  `timestamp` int(10) unsigned NOT NULL DEFAULT '0',
  `data` blob NOT NULL,
  KEY `ci_sessions_timestamp` (`timestamp`)
) ENGINE=InnoDB DEFAULT CHARSET=utf8;

--
-- Dumping data for table `ci_sessions`
--

INSERT INTO `ci_sessions` (`id`, `ip_address`, `timestamp`, `data`) VALUES
('5aeee98a22cd7203c74076262074fc88864109db', '127.0.0.1', 1451562064, 0x6e616d657c733a31323a22d094d0b0d183d180d0b5d0bd223b6c6173746e616d657c733a31323a22d0a1d0b4d18bd0bad0bed0b2223b6c6f67696e7c733a32333a22656c6573736172656c6673746f6e65406d61696c2e7275223b5f5f63695f6c6173745f726567656e65726174657c693a313435313536313930383b),
('015b904ef925f4a23975c367532e47453e3cf685', '127.0.0.1', 1451562426, 0x6e616d657c733a31323a22d094d0b0d183d180d0b5d0bd223b6c6173746e616d657c733a31323a22d0a1d0b4d18bd0bad0bed0b2223b6c6f67696e7c733a32333a22656c6573736172656c6673746f6e65406d61696c2e7275223b5f5f63695f6c6173745f726567656e65726174657c693a313435313536323239323b),
('1c658389982b5fcfa8e3c8e54ed82f3bf8d5fc99', '127.0.0.1', 1451562558, 0x5f5f63695f6c6173745f726567656e65726174657c693a313435313536323535373b),
('28a4242dafb2a0c33b1f5368b331dcb3ec69d24b', '127.0.0.1', 1451563061, 0x5f5f63695f6c6173745f726567656e65726174657c693a313435313536323930303b6e616d657c733a31323a22d094d0b0d183d180d0b5d0bd223b6c6173746e616d657c733a31323a22d0a1d0b4d18bd0bad0bed0b2223b6c6f67696e7c733a32333a22656c6573736172656c6673746f6e65406d61696c2e7275223b),
('ae65873bd65138a0ded3ea701a418b2310c458b9', '127.0.0.1', 1451567697, 0x5f5f63695f6c6173745f726567656e65726174657c693a313435313536373639363b6e616d657c733a31323a22d094d0b0d183d180d0b5d0bd223b6c6173746e616d657c733a31323a22d0a1d0b4d18bd0bad0bed0b2223b6c6f67696e7c733a32333a22656c6573736172656c6673746f6e65406d61696c2e7275223b),
('bc89276e41d2baf1cb4a540590358e168e08d375', '127.0.0.1', 1451570781, 0x5f5f63695f6c6173745f726567656e65726174657c693a313435313537303536383b6e616d657c733a31323a22d094d0b0d183d180d0b5d0bd223b6c6173746e616d657c733a31323a22d0a1d0b4d18bd0bad0bed0b2223b6c6f67696e7c733a32333a22656c6573736172656c6673746f6e65406d61696c2e7275223b),
('ece171cf8d7cac797535450895bdfae37d880e88', '127.0.0.1', 1451571095, 0x5f5f63695f6c6173745f726567656e65726174657c693a313435313537303839323b6e616d657c733a31323a22d094d0b0d183d180d0b5d0bd223b6c6173746e616d657c733a31323a22d0a1d0b4d18bd0bad0bed0b2223b6c6f67696e7c733a32333a22656c6573736172656c6673746f6e65406d61696c2e7275223b),
('e05a513158267d79c1bec80d27e33cf94d38ceba', '127.0.0.1', 1451571217, 0x5f5f63695f6c6173745f726567656e65726174657c693a313435313537313231373b6e616d657c733a31323a22d094d0b0d183d180d0b5d0bd223b6c6173746e616d657c733a31323a22d0a1d0b4d18bd0bad0bed0b2223b6c6f67696e7c733a32333a22656c6573736172656c6673746f6e65406d61696c2e7275223b),
('1fe92416e500b1b450ea52c684db80e488509c18', '127.0.0.1', 1451571797, 0x5f5f63695f6c6173745f726567656e65726174657c693a313435313537313738383b6e616d657c733a31323a22d094d0b0d183d180d0b5d0bd223b6c6173746e616d657c733a31323a22d0a1d0b4d18bd0bad0bed0b2223b6c6f67696e7c733a32333a22656c6573736172656c6673746f6e65406d61696c2e7275223b),
('cda3b17e873d19e0d38cdeb3aeece839907ac464', '127.0.0.1', 1451572097, 0x5f5f63695f6c6173745f726567656e65726174657c693a313435313537313739373b6e616d657c733a31323a22d094d0b0d183d180d0b5d0bd223b6c6173746e616d657c733a31323a22d0a1d0b4d18bd0bad0bed0b2223b6c6f67696e7c733a32333a22656c6573736172656c6673746f6e65406d61696c2e7275223b),
('60992616e30a64eb3742ba6aaddf825325ead451', '127.0.0.1', 1451572395, 0x5f5f63695f6c6173745f726567656e65726174657c693a313435313537323131313b6e616d657c733a31323a22d094d0b0d183d180d0b5d0bd223b6c6173746e616d657c733a31323a22d0a1d0b4d18bd0bad0bed0b2223b6c6f67696e7c733a32333a22656c6573736172656c6673746f6e65406d61696c2e7275223b),
('4b3e4b6a018c2a6bbb0301b5b8b785716a952762', '127.0.0.1', 1451572890, 0x5f5f63695f6c6173745f726567656e65726174657c693a313435313537323838303b6e616d657c733a31323a22d094d0b0d183d180d0b5d0bd223b6c6173746e616d657c733a31323a22d0a1d0b4d18bd0bad0bed0b2223b6c6f67696e7c733a32333a22656c6573736172656c6673746f6e65406d61696c2e7275223b),
('e7ca8fd3d6423fbc8e465f4ea46230700c6e5e2f', '127.0.0.1', 1451585992, 0x5f5f63695f6c6173745f726567656e65726174657c693a313435313538353934373b),
('11752996ca66d83bf2827e519e8d27a4850ea324', '127.0.0.1', 1451586981, 0x5f5f63695f6c6173745f726567656e65726174657c693a313435313538363833333b),
('25e57ad0a2f18f83eb8242c8b4995e02c754e283', '127.0.0.1', 1451624756, 0x5f5f63695f6c6173745f726567656e65726174657c693a313435313632343733323b),
('0254bf97f8ddebb9c2359494e2d989171af4d565', '127.0.0.1', 1451625594, 0x5f5f63695f6c6173745f726567656e65726174657c693a313435313632353434363b),
('0cb8c16d397d10efbc426c6233d28b6fd74747c7', '127.0.0.1', 1451625873, 0x5f5f63695f6c6173745f726567656e65726174657c693a313435313632353835303b),
('fa2042e1a240bf48fc3873630e88771c484da797', '127.0.0.1', 1451627297, 0x5f5f63695f6c6173745f726567656e65726174657c693a313435313632373239373b),
('74c997f213931222fadfbcc735986f3287fc150f', '127.0.0.1', 1451628076, 0x5f5f63695f6c6173745f726567656e65726174657c693a313435313632373931323b),
('bbf609c511748b68b35af172c920b667585c9ba0', '127.0.0.1', 1451628234, 0x5f5f63695f6c6173745f726567656e65726174657c693a313435313632383232363b),
('758a5820ddc68442f641bd0ff1f5cc5723908351', '127.0.0.1', 1451628552, 0x5f5f63695f6c6173745f726567656e65726174657c693a313435313632383534313b),
('3eed5c19f3fce33e2b58647ee33395d421e63a08', '127.0.0.1', 1451628971, 0x5f5f63695f6c6173745f726567656e65726174657c693a313435313632383936343b),
('3dff19cdd71e84c49c80869090a9a64ced120325', '127.0.0.1', 1451633697, 0x5f5f63695f6c6173745f726567656e65726174657c693a313435313633333632343b),
('3ab4ca2d221ebfb54118451a4030a2ef6fc4a08e', '127.0.0.1', 1451634350, 0x5f5f63695f6c6173745f726567656e65726174657c693a313435313633343136353b),
('cd753ff36d71f9d6afa442f4e02f2fe7718512dc', '127.0.0.1', 1451634544, 0x5f5f63695f6c6173745f726567656e65726174657c693a313435313633343438363b),
('7db72236a23a44a56b0466d861fd32ca87e61c0b', '127.0.0.1', 1451635776, 0x5f5f63695f6c6173745f726567656e65726174657c693a313435313633353532393b),
('f814b0aef58eea78a189c65aa178bc95cec1a4de', '127.0.0.1', 1451636270, 0x5f5f63695f6c6173745f726567656e65726174657c693a313435313633363039363b),
('5895ccced1a9a748468042890daae245ebed92f3', '127.0.0.1', 1451636476, 0x5f5f63695f6c6173745f726567656e65726174657c693a313435313633363437363b),
('b93de893343bfd2cd529fd06a91ec04505993cdc', '127.0.0.1', 1451637231, 0x5f5f63695f6c6173745f726567656e65726174657c693a313435313633373130363b),
('32b74891fdb41a6c904e7ed90cc28bdda0c75a31', '127.0.0.1', 1451638411, 0x5f5f63695f6c6173745f726567656e65726174657c693a313435313633383037383b737563636573735f73656e647c623a313b5f5f63695f766172737c613a313a7b733a31323a22737563636573735f73656e64223b733a333a226e6577223b7d),
('429462769e11abd7bc2344675ef580d6ae0846f5', '127.0.0.1', 1451638628, 0x5f5f63695f6c6173745f726567656e65726174657c693a313435313633383431313b737563636573735f73656e647c623a313b5f5f63695f766172737c613a313a7b733a31323a22737563636573735f73656e64223b733a333a226f6c64223b7d),
('690930b91aea8c0d8442bdd5e879197cb937e809', '127.0.0.1', 1451638799, 0x5f5f63695f6c6173745f726567656e65726174657c693a313435313633383733353b737563636573735f73656e647c623a313b5f5f63695f766172737c613a313a7b733a31323a22737563636573735f73656e64223b733a333a226f6c64223b7d),
('576aa96a5d35bf62b974e2a0f9c531ccd4bbb091', '127.0.0.1', 1451639195, 0x5f5f63695f6c6173745f726567656e65726174657c693a313435313633393139353b737563636573735f73656e647c623a313b5f5f63695f766172737c613a313a7b733a31323a22737563636573735f73656e64223b733a333a226f6c64223b7d),
('34f0ad97fc36be0d7b117a39a421749e17c2d128', '127.0.0.1', 1451649497, 0x5f5f63695f6c6173745f726567656e65726174657c693a313435313634393331343b737563636573735f73656e647c623a313b5f5f63695f766172737c613a313a7b733a31323a22737563636573735f73656e64223b733a333a226f6c64223b7d),
('64b125a83e974d4665dc52775cf398e56e33667d', '127.0.0.1', 1451651874, 0x5f5f63695f6c6173745f726567656e65726174657c693a313435313635313837343b),
('0f0a4890509969e86e6a6e5c89b74cca27f44450', '127.0.0.1', 1451652610, 0x5f5f63695f6c6173745f726567656e65726174657c693a313435313635323631303b737563636573735f73656e647c623a313b5f5f63695f766172737c613a313a7b733a31323a22737563636573735f73656e64223b733a333a226f6c64223b7d),
('df153474f4b0aff1b9f7d7ea1432641bd0cb838c', '127.0.0.1', 1451672070, 0x5f5f63695f6c6173745f726567656e65726174657c693a313435313637313936343b),
('21f5700c832381598bf21304606360f8178cb7c8', '127.0.0.1', 1451672716, 0x5f5f63695f6c6173745f726567656e65726174657c693a313435313637323435313b),
('8e5503901d6edc81910a01d9be702ce05dadd600', '127.0.0.1', 1451672899, 0x5f5f63695f6c6173745f726567656e65726174657c693a313435313637323737303b),
('90f6ad7df21383f6853dc8c5a3a0d3ee0617bbef', '127.0.0.1', 1451673749, 0x5f5f63695f6c6173745f726567656e65726174657c693a313435313637333639313b),
('156d729b84cbc2627b5fa0083fe7575ffa1d4050', '127.0.0.1', 1451674261, 0x5f5f63695f6c6173745f726567656e65726174657c693a313435313637343033383b),
('1e8035e0b53b0948e648a7a20d427e276c370407', '127.0.0.1', 1451674572, 0x5f5f63695f6c6173745f726567656e65726174657c693a313435313637343339343b),
('6d332e28646639c6241c83bea5da05e48c8fb8d9', '127.0.0.1', 1451674902, 0x5f5f63695f6c6173745f726567656e65726174657c693a313435313637343731303b),
('1ded4205058ce90f426773762ea6473a2fdf8d7b', '127.0.0.1', 1451715501, 0x5f5f63695f6c6173745f726567656e65726174657c693a313435313731353438393b),
('ac0cc9db6c2e64f9821c38c23d24097b3fdd6246', '127.0.0.1', 1451716147, 0x5f5f63695f6c6173745f726567656e65726174657c693a313435313731353833333b6e616d657c4e3b6c6173746e616d657c4e3b6c6f67696e7c4e3b),
('34c3c0c76b0ef4d37bead8a7fb6e166e1685bccd', '127.0.0.1', 1451717654, 0x5f5f63695f6c6173745f726567656e65726174657c693a313435313731373532363b6e616d657c4e3b6c6173746e616d657c4e3b6c6f67696e7c4e3b),
('35dd3a26d56d62e16086a702f56720438dc803d8', '127.0.0.1', 1451717990, 0x5f5f63695f6c6173745f726567656e65726174657c693a313435313731373937313b6e616d657c733a31323a22d094d0b0d183d180d0b5d0bd223b6c6173746e616d657c733a31323a22d0a1d0b4d18bd0bad0bed0b2223b6c6f67696e7c733a32333a22656c6573736172656c6673746f6e65406d61696c2e7275223b),
('47d720698632cae4ad5dd7541c65f787b4221789', '127.0.0.1', 1451718292, 0x5f5f63695f6c6173745f726567656e65726174657c693a313435313731383239323b6e616d657c733a31323a22d094d0b0d183d180d0b5d0bd223b6c6173746e616d657c733a31323a22d0a1d0b4d18bd0bad0bed0b2223b6c6f67696e7c733a32333a22656c6573736172656c6673746f6e65406d61696c2e7275223b),
('f50ebe7e55c0e6a35e7fc26a575725dfd164e89f', '127.0.0.1', 1451719489, 0x5f5f63695f6c6173745f726567656e65726174657c693a313435313731393433393b6e616d657c733a31323a22d094d0b0d183d180d0b5d0bd223b6c6173746e616d657c733a31323a22d0a1d0b4d18bd0bad0bed0b2223b6c6f67696e7c733a32333a22656c6573736172656c6673746f6e65406d61696c2e7275223b),
('457e04c59c55c8a13d062e5714283f3f8f5ce6a6', '127.0.0.1', 1451751348, 0x5f5f63695f6c6173745f726567656e65726174657c693a313435313735313238363b6e616d657c733a31323a22d094d0b0d183d180d0b5d0bd223b6c6173746e616d657c733a31323a22d0a1d0b4d18bd0bad0bed0b2223b6c6f67696e7c733a32333a22656c6573736172656c6673746f6e65406d61696c2e7275223b),
('52c6f94ca96d4ca3ab0a498f3903dd2733ed355e', '127.0.0.1', 1451760783, 0x5f5f63695f6c6173745f726567656e65726174657c693a313435313736303736383b),
('026e9a55f259053e4605245ba7fe1cb9715f4bbe', '127.0.0.1', 1451761164, 0x5f5f63695f6c6173745f726567656e65726174657c693a313435313736313136333b),
('bd02522d5fa57d6555d74d56f6009dc387769085', '127.0.0.1', 1451761933, 0x5f5f63695f6c6173745f726567656e65726174657c693a313435313736313932303b),
('5ab946fdb28afdb872cb96f9f5de37158bc8e86d', '127.0.0.1', 1451801110, 0x5f5f63695f6c6173745f726567656e65726174657c693a313435313739393833303b6e616d657c733a31323a22d094d0b0d183d180d0b5d0bd223b6c6173746e616d657c733a31323a22d0a1d0b4d18bd0bad0bed0b2223b6c6f67696e7c733a32333a22656c6573736172656c6673746f6e65406d61696c2e7275223b),
('bc2622df01869bf2bdb4839b064e960fec4cdd7d', '127.0.0.1', 1451801443, 0x5f5f63695f6c6173745f726567656e65726174657c693a313435313830313233363b6e616d657c733a31323a22d094d0b0d183d180d0b5d0bd223b6c6173746e616d657c733a31323a22d0a1d0b4d18bd0bad0bed0b2223b6c6f67696e7c733a32333a22656c6573736172656c6673746f6e65406d61696c2e7275223b),
('4e03fda8aee3da692efe6c28d5c291add83ed1ce', '127.0.0.1', 1451803058, 0x5f5f63695f6c6173745f726567656e65726174657c693a313435313830323739343b6e616d657c733a31323a22d094d0b0d183d180d0b5d0bd223b6c6173746e616d657c733a31323a22d0a1d0b4d18bd0bad0bed0b2223b6c6f67696e7c733a32333a22656c6573736172656c6673746f6e65406d61696c2e7275223b),
('fec15e10835477233140c8d7e6210bd8c8b276d8', '127.0.0.1', 1451803187, 0x5f5f63695f6c6173745f726567656e65726174657c693a313435313830333136363b6e616d657c733a31323a22d094d0b0d183d180d0b5d0bd223b6c6173746e616d657c733a31323a22d0a1d0b4d18bd0bad0bed0b2223b6c6f67696e7c733a32333a22656c6573736172656c6673746f6e65406d61696c2e7275223b),
('91f29c656a6cf4d947e79321b9d80e772e00babd', '127.0.0.1', 1451803877, 0x5f5f63695f6c6173745f726567656e65726174657c693a313435313830333833353b6e616d657c733a31323a22d094d0b0d183d180d0b5d0bd223b6c6173746e616d657c733a31323a22d0a1d0b4d18bd0bad0bed0b2223b6c6f67696e7c733a32333a22656c6573736172656c6673746f6e65406d61696c2e7275223b),
('3e192af1e573d552f2a3ea2ed99447b2f0bb9e70', '127.0.0.1', 1451805526, 0x5f5f63695f6c6173745f726567656e65726174657c693a313435313830353237363b),
('06618d997a0e065350001ced58f4f4f00e4614e4', '127.0.0.1', 1451806790, 0x5f5f63695f6c6173745f726567656e65726174657c693a313435313830363732333b),
('bc90841bafd5fbea671875bdb4f9edb5791ce35d', '127.0.0.1', 1451822447, 0x5f5f63695f6c6173745f726567656e65726174657c693a313435313832323430383b6e616d657c733a31323a22d094d0b0d183d180d0b5d0bd223b6c6173746e616d657c733a31323a22d0a1d0b4d18bd0bad0bed0b2223b6c6f67696e7c733a32333a22656c6573736172656c6673746f6e65406d61696c2e7275223b),
('9b63bd201182306cfd1482961c6af79689d7d898', '127.0.0.1', 1451823045, 0x5f5f63695f6c6173745f726567656e65726174657c693a313435313832323934333b),
('7d2c9e8d347817679e8143c02035d3258c9e16f7', '127.0.0.1', 1451823338, 0x5f5f63695f6c6173745f726567656e65726174657c693a313435313832333236353b),
('d2b101bdab12364427fdd8ff062c82c5a1e6c52f', '127.0.0.1', 1451826284, 0x5f5f63695f6c6173745f726567656e65726174657c693a313435313832363036353b),
('8efc096322d75aa7cbdaa60841e287370c172add', '127.0.0.1', 1451826625, 0x5f5f63695f6c6173745f726567656e65726174657c693a313435313832363632353b),
('36a1a651b891f64551bb5dafae22b98b7b41000c', '127.0.0.1', 1451837843, 0x5f5f63695f6c6173745f726567656e65726174657c693a313435313833373632303b),
('9688772d23c7d2273a6fddab78fdefb8b7bf10ac', '127.0.0.1', 1451843978, 0x5f5f63695f6c6173745f726567656e65726174657c693a313435313833373938353b6e616d657c733a363a224e6f6e616d65223b6c6173746e616d657c733a363a224e6f6e616d65223b6c6f67696e7c733a31363a2264616b6532303036406d61696c2e7275223b),
('f39cc70131fc8e2da92077694e05494d4a6af1d8', '127.0.0.1', 1451848316, 0x5f5f63695f6c6173745f726567656e65726174657c693a313435313834383039313b),
('0f45515ef3870791311b20f79d2928b71218f974', '127.0.0.1', 1451881377, 0x5f5f63695f6c6173745f726567656e65726174657c693a313435313838313337363b),
('a10df0bc5423428bafe42186f424a225370ce915', '127.0.0.1', 1451885034, 0x5f5f63695f6c6173745f726567656e65726174657c693a313435313838343734313b),
('1f1294ad029036c7aebe7f7dadd7f31c4a4a9616', '127.0.0.1', 1451885421, 0x5f5f63695f6c6173745f726567656e65726174657c693a313435313838353037343b6e616d657c733a31323a22d094d0b0d183d180d0b5d0bd223b6c6173746e616d657c733a31323a22d0a1d0b4d18bd0bad0bed0b2223b6c6f67696e7c733a32333a22656c6573736172656c6673746f6e65406d61696c2e7275223b),
('9430199e432eb91585de6711b2b506af8678e2a7', '127.0.0.1', 1451885674, 0x5f5f63695f6c6173745f726567656e65726174657c693a313435313838353432363b),
('d7bd029ad41896697a1b5e1cd62587412aeae369', '127.0.0.1', 1451891831, 0x5f5f63695f6c6173745f726567656e65726174657c693a313435313838393537323b),
('407c9af36a21f373d57f0de25d6aee6d3d178fbd', '127.0.0.1', 1451892584, 0x5f5f63695f6c6173745f726567656e65726174657c693a313435313839323438313b),
('81f507399e8d9d9e039b4566cfe03e057e3629d3', '127.0.0.1', 1451893922, 0x5f5f63695f6c6173745f726567656e65726174657c693a313435313839323931313b);

-- --------------------------------------------------------

--
-- Table structure for table `goods`
--

CREATE TABLE IF NOT EXISTS `goods` (
  `id` int(11) NOT NULL AUTO_INCREMENT,
  `title` varchar(1000) NOT NULL,
  `cnt` smallint(6) unsigned DEFAULT NULL,
  `price` decimal(7,2) unsigned NOT NULL,
  `description` varchar(1000) DEFAULT NULL,
  `id_category` int(11) unsigned NOT NULL,
  `id_brand` tinyint(4) unsigned NOT NULL,
  PRIMARY KEY (`id`),
  KEY `UK_goods_title` (`title`(255)),
  KEY `FK_goods_brand_id` (`id_brand`),
  KEY `FK_goods_categoryes_id` (`id_category`)
) ENGINE=InnoDB  DEFAULT CHARSET=utf8 COMMENT='таблица для хранения товаров' AUTO_INCREMENT=84 ;

--
-- Dumping data for table `goods`
--

INSERT INTO `goods` (`id`, `title`, `cnt`, `price`, `description`, `id_category`, `id_brand`) VALUES
(1, 'Смартфон Apple iPhone 6 16 Гб серый', 12, '42990.00', 'Смартфон Apple iPhone 6 16 Гб серый', 4, 1),
(2, 'Смартфон Apple iPhone 6 16 Гб серебристый', 167, '42990.00', 'Смартфон Apple iPhone 6 16 Гб серебристый', 4, 1),
(3, 'Смартфон Apple iPhone 6 64 Гб золотистый', 165, '47990.00', 'Смартфон Apple iPhone 6 64 Гб золотистый', 4, 1),
(4, 'Смартфон Apple iPhone 6 64 Гб серебристый', 22, '46990.00', 'Смартфон Apple iPhone 6 64 Гб серебристый', 4, 1),
(5, 'Смартфон Apple iPhone 6 64 Гб серый', 111, '46990.00', 'Смартфон Apple iPhone 6 64 Гб серый', 4, 1),
(6, 'Смартфон Apple iPhone 6 Plus 16 Гб серебристый', 55, '46490.00', 'Смартфон Apple iPhone 6 Plus 16 Гб серебристый', 4, 1),
(7, 'Смартфон Apple iPhone 6 Plus 16 Гб серый', 129, '46490.00', 'Смартфон Apple iPhone 6 Plus 16 Гб серый', 4, 1),
(8, 'Смартфон Apple iPhone 6 Plus 64 Гб золотистый', 40, '56990.00', 'Смартфон Apple iPhone 6 Plus 64 Гб золотистый', 4, 1),
(9, 'Смартфон Apple iPhone 6 Plus 64 Гб серебристый', 58, '54990.00', 'Смартфон Apple iPhone 6 Plus 64 Гб серебристый', 4, 1),
(10, 'Смартфон Apple iPhone 6 Plus 64 Гб серый', 9, '54990.00', 'Смартфон Apple iPhone 6 Plus 64 Гб серый', 4, 1),
(11, 'Ноутбук Apple MacBook Pro Retina MF839RU/A серый', 76, '99999.99', 'Ноутбук Apple MacBook Pro Retina MF839RU/A серый', 4, 1),
(12, 'Ноутбук Apple MacBook Pro Retina MF841RU/A серебристый', 104, '99999.99', 'Ноутбук Apple MacBook Pro Retina MF841RU/A серебристый', 4, 1),
(13, 'Ноутбук Apple MacBook Air MJVM2RU/A серебристый', 116, '69990.00', 'Ноутбук Apple MacBook Air MJVM2RU/A серебристый', 4, 1),
(14, 'Ноутбук Apple MacBook Air MJVP2RU/A серебристый', 68, '85990.00', 'Ноутбук Apple MacBook Air MJVP2RU/A серебристый', 4, 1),
(15, 'Ноутбук Apple MacBook Air MJVE2RU/A серебристый', 3, '77990.00', 'Ноутбук Apple MacBook Air MJVE2RU/A серебристый', 4, 1),
(16, 'Ноутбук Apple MacBook Air MJVG2RU/A серебристый', 24, '92990.00', 'Ноутбук Apple MacBook Air MJVG2RU/A серебристый', 4, 1),
(17, 'Ноутбук Apple MacBook MJY32RU/A серый', 69, '99999.99', 'Ноутбук Apple MacBook MJY32RU/A серый', 4, 1),
(18, 'Ноутбук Apple MacBook MJY42RU/A серый', 181, '99999.99', 'Ноутбук Apple MacBook MJY42RU/A серый', 4, 1),
(19, 'Ноутбук Apple MacBook MK4N2RU/A золотистый', 192, '99999.99', 'Ноутбук Apple MacBook MK4N2RU/A золотистый', 4, 1),
(33, 'Ниссан Альмера Классик седан', 111, '99999.99', 'Ниссан Альмера Классик седан', 14, 88),
(34, 'Ниссан Тиида седан', 61, '99999.99', 'Ниссан Тиида седан', 14, 88),
(35, 'Ниссан Тиида хэтчбек', 68, '99999.99', 'Ниссан Тиида хэтчбек', 14, 88),
(36, 'Ниссан Тиана седан', 4, '99999.99', 'Ниссан Тиана седан', 14, 88),
(37, 'Ниссан Кашкай кроссовер ', 27, '99999.99', 'Ниссан Кашкай кроссовер ', 14, 88),
(38, 'Ниссан Икс-Треил кроссовер', 123, '99999.99', 'Ниссан Икс-Треил кроссовер', 14, 88),
(39, 'Ниссан Навара пикап. ', 190, '99999.99', 'Ниссан Навара пикап. ', 14, 88),
(40, 'Ниссан Патфайндер внедорожник.', 150, '99999.99', 'Ниссан Патфайндер внедорожник.', 14, 88),
(41, 'Ниссан Патрол внедорожник.', 56, '99999.99', 'Ниссан Патрол внедорожник.', 14, 88),
(42, 'Ниссан Мурано кроссовер.', 161, '99999.99', 'Ниссан Мурано кроссовер.', 14, 88),
(43, 'Ниссан Джук кроссовер', 37, '99999.99', 'Ниссан Джук кроссовер', 14, 88),
(44, 'NIKE MILER SINGLET / Майка л/а', 103, '1490.00', 'NIKE MILER SINGLET / Майка л/а', 3, 57),
(45, '375833 619 NIKE PRO BRA (W) / Топ л/а', 22, '1990.00', '375833 619 NIKE PRO BRA (W) / Топ л/а', 3, 57),
(46, 'NIKE PRO BRA (W) / Топ л/а', 180, '1990.00', 'NIKE PRO BRA (W) / Топ л/а', 3, 57),
(47, 'NIKE MILER SINGLET / Майка л/а', 97, '1490.00', 'NIKE MILER SINGLET / Майка л/а', 3, 57),
(48, 'NIKE MILER SINGLET / Майка л/а', 120, '1490.00', 'NIKE MILER SINGLET / Майка л/а', 3, 57),
(49, 'NIKE DF TOUCH TALWIND TANK / Майка', 46, '2490.00', 'NIKE DF TOUCH TALWIND TANK / Майка', 3, 57),
(50, 'NIKE PRINTED MILER SINGLET / Майка л/а', 163, '1990.00', 'NIKE PRINTED MILER SINGLET / Майка л/а', 3, 57),
(51, '«Не по замышлению Бояню»: Разгадка «тёмных мест» поэмы «Слово о полку Игореве» и анализ соответствующих им событий XII века. ', 143, '125.00', '«Не по замышлению Бояню»: Разгадка «тёмных мест» поэмы «Слово о полку Игореве» и анализ соответствующих им событий XII века. ', 2, 101),
(52, 'Русская литература XVIII века: Тесты', 72, '100.00', 'Русская литература XVIII века: Тесты', 2, 101),
(53, 'Интеллектуальная поэзия : Иосиф Бродский, Генрих Сапгир, Д. А. Пригов : монография ', 144, '225.00', 'Интеллектуальная поэзия : Иосиф Бродский, Генрих Сапгир, Д. А. Пригов : монография ', 2, 101),
(54, 'Теория литературы и практика читательской деятельности  : учеб. пособие ', 55, '200.00', 'Теория литературы и практика читательской деятельности  : учеб. пособие ', 2, 101),
(55, 'Творчество Марины Цветаевой в контексте культуры : учеб. пособие к спецкурсу для сту-дентов гуманитарных факультетов высших учебных заведений (для бакалавриата) ', 193, '250.00', 'Творчество Марины Цветаевой в контексте культуры : учеб. пособие к спецкурсу для сту-дентов гуманитарных факультетов высших учебных заведений (для бакалавриата) ', 2, 101),
(56, 'Методика обучения литературе : практикум', 91, '225.00', 'Методика обучения литературе : практикум', 2, 101),
(57, 'Введение в литературоведение: учеб. пособие', 74, '200.00', 'Введение в литературоведение: учеб. пособие', 2, 101),
(58, 'Русские: Коммуникативное поведение', 123, '250.00', 'Русские: Коммуникативное поведение', 2, 101),
(59, 'История блудного сына в русской литературе: модификации архетипического сюжета в движении эпох: монография', 195, '300.00', 'История блудного сына в русской литературе: модификации архетипического сюжета в движении эпох: монография', 2, 101),
(60, 'Введение в методику обучения литературе: Учеб. пособие', 17, '175.00', 'Введение в методику обучения литературе: Учеб. пособие', 2, 101),
(61, 'Мотив денег в русской литературе: Учеб. пособие', 59, '130.00', 'Мотив денег в русской литературе: Учеб. пособие', 2, 101),
(62, 'Русская драматургия ХХ века: Хрестоматия / Кременцов Л.П., Канунникова И.А.', 188, '300.00', 'Русская драматургия ХХ века: Хрестоматия / Кременцов Л.П., Канунникова И.А.', 2, 101),
(63, 'Русская литература ХVIII века: Хрестоматия мемуаров, эпистолярных материалов и литературно-критических статей / Буранок О.М.', 196, '200.00', 'Русская литература ХVIII века: Хрестоматия мемуаров, эпистолярных материалов и литературно-критических статей / Буранок О.М.', 2, 101),
(64, 'Русская литература XIX века. 1850 — 1870: Учеб. пособие / Джанумов С.А.', 50, '150.00', 'Русская литература XIX века. 1850 — 1870: Учеб. пособие / Джанумов С.А.', 2, 101),
(65, 'Русская литература XIX века. 1880 — 1890: Учеб. пособие / Джанумов С.А.', 49, '200.00', 'Русская литература XIX века. 1880 — 1890: Учеб. пособие / Джанумов С.А.', 2, 101),
(66, 'Русская проза рубежа XX–XXI веков: учеб. пособие / Колядич Т.М.', 196, '300.00', 'Русская проза рубежа XX–XXI веков: учеб. пособие / Колядич Т.М.', 2, 101),
(67, 'Русские поэты ХХ века: Учеб. Пособие / Кременцов Л.П., Лосев В.В.', 191, '180.00', 'Русские поэты ХХ века: Учеб. Пособие / Кременцов Л.П., Лосев В.В.', 2, 101),
(68, 'Русские: Стереотипы поведения. Традиции. Ментальность.  ', 118, '275.00', 'Русские: Стереотипы поведения. Традиции. Ментальность.  ', 2, 101),
(69, 'Русские: Как мы изменились за 20 лет?', 60, '300.00', 'Русские: Как мы изменились за 20 лет?', 2, 101),
(70, 'Поэтика русского рассказа конца ХХ - начала ХХI века: учеб. пособие', 193, '150.00', 'Поэтика русского рассказа конца ХХ - начала ХХI века: учеб. пособие', 2, 101),
(71, 'Русская натурфилософская проза второй половины  ХХ века: Учеб. пособие', 22, '170.00', 'Русская натурфилософская проза второй половины  ХХ века: Учеб. пособие', 2, 101),
(72, 'Русский мир в воззрениях Ф.М. Достоевского : монография ', 49, '300.00', 'Русский мир в воззрениях Ф.М. Достоевского : монография ', 2, 101),
(73, 'Пути новейшей русской прозы : учеб. пособие', 125, '200.00', 'Пути новейшей русской прозы : учеб. пособие', 2, 101),
(74, 'Теория литературы: История русского и зарубежного литературоведения: хрестоматия / сост. Н.П. Хрящева', 122, '275.00', 'Теория литературы: История русского и зарубежного литературоведения: хрестоматия / сост. Н.П. Хрящева', 2, 101),
(75, 'Технологии и методики обучения литературы: учеб пособие для бакалавров / под ред. Кохановой /В.А.', 75, '175.00', 'Технологии и методики обучения литературы: учеб пособие для бакалавров / под ред. Кохановой /В.А.', 2, 101),
(76, 'Неореализм : Жанрово-стилевые поиски в русской литературе конца XIX – начала ХХ века : Учеб. пособие', 159, '200.00', 'Неореализм : Жанрово-стилевые поиски в русской литературе конца XIX – начала ХХ века : Учеб. пособие', 2, 101),
(77, 'Русская повесть начала XX века. Жанрово-типологический аспект: учеб. пособие', 178, '175.00', 'Русская повесть начала XX века. Жанрово-типологический аспект: учеб. пособие', 2, 101),
(78, 'Творчество Александра Солженицына: Учеб. пособие', 16, '200.00', 'Творчество Александра Солженицына: Учеб. пособие', 2, 101),
(79, 'Короткие встречи с великими: Воспоминания', 105, '110.00', 'Короткие встречи с великими: Воспоминания', 2, 101),
(80, 'Что непонятно у классиков, или Энциклопедия русского быта XIX в.', 138, '225.00', 'Что непонятно у классиков, или Энциклопедия русского быта XIX в.', 2, 101),
(81, 'Между Моцартом и Сальери (о поэтическом даре Набокова): монография', 50, '350.00', 'Между Моцартом и Сальери (о поэтическом даре Набокова): монография', 2, 101),
(82, 'Основы русского стихосложения. Теория и история русского стиха: В 2-х кн. Кн. 1.Метрика и ритмика Кн.2. Строфика', 79, '330.00', 'Основы русского стихосложения. Теория и история русского стиха: В 2-х кн. Кн. 1.Метрика и ритмика Кн.2. Строфика', 2, 101),
(83, 'Проза Антона Чехова : монография', 95, '200.00', 'Проза Антона Чехова : монография', 2, 101);

-- --------------------------------------------------------

--
-- Table structure for table `orders`
--

CREATE TABLE IF NOT EXISTS `orders` (
  `id` int(11) unsigned NOT NULL AUTO_INCREMENT,
  `id_user` int(11) unsigned NOT NULL,
  `id_status` tinyint(4) unsigned NOT NULL,
  `date_order` datetime NOT NULL,
  PRIMARY KEY (`id`),
  KEY `FK_orders` (`id_user`),
  KEY `FK_orders2` (`id_status`)
) ENGINE=InnoDB  DEFAULT CHARSET=utf8 COMMENT='таблица для хранения заказов' AUTO_INCREMENT=156 ;

--
-- Dumping data for table `orders`
--

INSERT INTO `orders` (`id`, `id_user`, `id_status`, `date_order`) VALUES
(1, 1, 1, '2013-03-20 08:00:00'),
(2, 1, 2, '2011-05-20 15:00:00'),
(3, 1, 3, '2021-01-20 15:00:00'),
(4, 1, 4, '2014-09-20 06:00:00'),
(5, 1, 5, '2012-02-20 11:00:00'),
(6, 2, 6, '2013-02-20 12:00:00'),
(7, 2, 7, '2005-02-20 02:00:00'),
(8, 2, 1, '2010-09-20 06:00:00'),
(9, 3, 2, '2007-03-20 05:00:00'),
(10, 3, 3, '2026-12-20 04:00:00'),
(11, 3, 4, '2021-06-20 02:00:00'),
(12, 3, 5, '2008-06-20 15:00:00'),
(13, 4, 6, '2006-06-20 09:00:00'),
(14, 4, 7, '2003-05-20 02:00:00'),
(15, 4, 1, '2013-02-20 05:00:00'),
(16, 4, 2, '2026-08-20 03:00:00'),
(17, 5, 3, '2021-10-20 04:00:00'),
(18, 5, 4, '2019-04-20 05:00:00'),
(19, 5, 5, '2020-03-20 12:00:00'),
(20, 5, 6, '2008-02-20 08:00:00'),
(21, 5, 7, '2009-10-20 11:00:00'),
(22, 5, 1, '2014-03-20 15:00:00'),
(23, 7, 2, '2015-12-20 13:00:00'),
(24, 7, 3, '2014-12-20 13:00:00'),
(25, 7, 4, '2005-07-20 06:00:00'),
(26, 7, 5, '2020-09-20 08:00:00'),
(27, 7, 6, '2018-07-20 03:00:00'),
(28, 7, 7, '2001-02-20 02:00:00'),
(29, 7, 1, '2015-05-20 03:00:00'),
(30, 7, 2, '2010-04-20 04:00:00'),
(31, 7, 3, '2002-11-20 13:00:00'),
(32, 8, 4, '2022-02-20 15:00:00'),
(33, 8, 5, '2021-01-20 13:00:00'),
(34, 8, 6, '2025-09-20 09:00:00'),
(35, 8, 7, '2027-09-20 10:00:00'),
(36, 8, 1, '2020-07-20 11:00:00'),
(37, 8, 2, '2023-03-20 13:00:00'),
(38, 8, 3, '2012-10-20 04:00:00'),
(39, 8, 4, '2022-05-20 06:00:00'),
(40, 9, 5, '2005-12-20 11:00:00'),
(41, 9, 6, '2017-06-20 04:00:00'),
(42, 9, 7, '2005-11-20 05:00:00'),
(43, 9, 1, '2027-04-20 07:00:00'),
(44, 9, 2, '2020-11-20 11:00:00'),
(45, 9, 3, '2023-07-20 14:00:00'),
(46, 10, 4, '2009-04-20 04:00:00'),
(47, 10, 5, '2003-06-20 13:00:00'),
(48, 10, 6, '2002-06-20 15:00:00'),
(49, 10, 7, '2002-08-20 07:00:00'),
(50, 10, 1, '2002-02-20 02:00:00'),
(51, 10, 2, '2009-04-20 07:00:00'),
(52, 10, 3, '2022-09-20 04:00:00'),
(53, 10, 4, '2017-09-20 12:00:00'),
(54, 10, 5, '2027-01-20 12:00:00'),
(55, 10, 6, '2003-08-20 12:00:00'),
(56, 10, 7, '2028-12-20 00:00:00'),
(57, 10, 1, '2026-12-20 15:00:00'),
(58, 11, 2, '2018-06-20 14:00:00'),
(59, 11, 3, '2027-05-20 03:00:00'),
(60, 11, 4, '2009-11-20 03:00:00'),
(61, 11, 5, '2003-08-20 15:00:00'),
(62, 11, 6, '2006-02-20 02:00:00'),
(63, 11, 7, '2002-11-20 13:00:00'),
(64, 11, 1, '2012-11-20 08:00:00'),
(65, 11, 2, '2026-09-20 03:00:00'),
(66, 11, 3, '2015-05-20 02:00:00'),
(67, 12, 4, '2028-09-20 13:00:00'),
(68, 12, 5, '2028-03-20 07:00:00'),
(69, 12, 6, '2021-02-20 08:00:00'),
(70, 15, 7, '2017-12-20 03:00:00'),
(71, 15, 1, '2024-06-20 09:00:00'),
(72, 15, 2, '2013-08-20 05:00:00'),
(73, 15, 3, '2002-01-20 04:00:00'),
(74, 15, 4, '2008-06-20 14:00:00'),
(75, 15, 5, '2008-08-20 07:00:00'),
(76, 16, 6, '2025-06-20 14:00:00'),
(77, 16, 7, '2007-09-20 14:00:00'),
(78, 16, 1, '2001-02-20 11:00:00'),
(79, 17, 2, '2021-05-20 07:00:00'),
(80, 17, 3, '2025-09-20 13:00:00'),
(81, 17, 4, '2023-11-20 11:00:00'),
(82, 17, 5, '2003-02-20 01:00:00'),
(83, 17, 6, '2014-01-20 15:00:00'),
(84, 17, 7, '2022-09-20 07:00:00'),
(85, 17, 1, '2014-03-20 10:00:00'),
(86, 17, 2, '2025-10-20 08:00:00'),
(87, 17, 3, '2012-04-20 06:00:00'),
(88, 17, 4, '2020-12-20 06:00:00'),
(89, 17, 5, '2017-11-20 05:00:00'),
(90, 18, 6, '2023-08-20 00:00:00'),
(91, 18, 7, '2001-05-20 09:00:00'),
(92, 18, 1, '2014-10-20 04:00:00'),
(93, 18, 2, '2017-03-20 03:00:00'),
(94, 18, 3, '2023-02-20 15:00:00'),
(95, 18, 4, '2003-01-20 04:00:00'),
(96, 18, 5, '2020-05-20 01:00:00'),
(97, 18, 6, '2010-04-20 10:00:00'),
(98, 18, 7, '2003-11-20 00:00:00'),
(99, 18, 1, '2026-08-20 07:00:00'),
(100, 18, 2, '2019-09-20 04:00:00'),
(101, 18, 3, '2020-08-20 14:00:00'),
(102, 19, 4, '2008-04-20 01:00:00'),
(103, 19, 5, '2028-12-20 01:00:00'),
(104, 19, 6, '2005-01-20 07:00:00'),
(105, 20, 7, '2007-11-20 09:00:00'),
(106, 20, 1, '2011-12-20 05:00:00'),
(107, 20, 2, '2010-07-20 09:00:00'),
(108, 21, 3, '2023-07-20 06:00:00'),
(109, 21, 4, '2024-10-20 15:00:00'),
(110, 21, 5, '2009-12-20 03:00:00'),
(111, 21, 6, '2005-04-20 15:00:00'),
(112, 21, 7, '2014-12-20 06:00:00'),
(113, 21, 1, '2005-05-20 13:00:00'),
(114, 22, 2, '2004-03-20 14:00:00'),
(115, 22, 3, '2018-06-20 12:00:00'),
(116, 22, 4, '2023-11-20 07:00:00'),
(117, 23, 5, '2022-01-20 02:00:00'),
(118, 23, 6, '2008-10-20 07:00:00'),
(119, 23, 7, '2021-08-20 02:00:00'),
(120, 23, 1, '2024-04-20 04:00:00'),
(121, 23, 2, '2025-02-20 13:00:00'),
(122, 23, 3, '2003-08-20 01:00:00'),
(123, 23, 4, '2015-08-20 11:00:00'),
(124, 23, 5, '2025-12-20 02:00:00'),
(125, 23, 6, '2018-08-20 08:00:00'),
(126, 25, 7, '2013-02-20 02:00:00'),
(127, 25, 1, '2020-09-20 13:00:00'),
(128, 25, 2, '2007-04-20 07:00:00'),
(129, 25, 3, '2009-07-20 01:00:00'),
(130, 25, 4, '2017-03-20 06:00:00'),
(131, 25, 5, '2003-10-20 11:00:00'),
(132, 25, 6, '2014-08-20 14:00:00'),
(133, 25, 7, '2001-06-20 14:00:00'),
(134, 25, 1, '2006-08-20 14:00:00'),
(135, 25, 2, '2027-02-20 02:00:00'),
(136, 25, 3, '2018-10-20 01:00:00'),
(137, 25, 4, '2026-11-20 12:00:00'),
(138, 26, 5, '2013-04-20 07:00:00'),
(139, 26, 6, '2016-10-20 15:00:00'),
(140, 26, 7, '2008-06-20 08:00:00'),
(141, 26, 1, '2020-12-20 01:00:00'),
(142, 26, 2, '2016-06-20 12:00:00'),
(143, 26, 3, '2018-10-20 14:00:00'),
(144, 26, 4, '2003-12-20 13:00:00'),
(145, 26, 5, '2014-09-20 10:00:00'),
(146, 26, 6, '2021-03-20 07:00:00'),
(147, 26, 7, '2016-01-20 14:00:00'),
(148, 26, 1, '2002-03-20 04:00:00'),
(149, 26, 2, '2017-06-20 15:00:00'),
(150, 26, 3, '2025-05-20 00:00:00'),
(151, 26, 4, '2015-12-20 04:00:00'),
(152, 26, 5, '2006-12-20 12:00:00'),
(153, 28, 6, '2007-04-20 07:00:00'),
(154, 28, 7, '2028-06-20 11:00:00'),
(155, 28, 1, '2024-06-20 15:00:00');

-- --------------------------------------------------------

--
-- Table structure for table `order_items`
--

CREATE TABLE IF NOT EXISTS `order_items` (
  `id` int(10) unsigned NOT NULL AUTO_INCREMENT,
  `price` decimal(10,2) unsigned NOT NULL,
  `cnt` smallint(6) unsigned NOT NULL,
  `id_goods` int(11) NOT NULL,
  `id_order` int(11) unsigned NOT NULL,
  PRIMARY KEY (`id`),
  KEY `FK_order_items` (`id_goods`),
  KEY `FK_order_items2` (`id_order`)
) ENGINE=InnoDB  DEFAULT CHARSET=utf8 COMMENT='таблица для хранения состава заказа' AUTO_INCREMENT=3819 ;

--
-- Dumping data for table `order_items`
--

INSERT INTO `order_items` (`id`, `price`, `cnt`, `id_goods`, `id_order`) VALUES
(1, '2074.00', 3, 1, 119),
(2, '2820.00', 8, 12, 57),
(3, '2856.00', 6, 8, 130),
(4, '2920.00', 8, 2, 88),
(5, '2202.00', 10, 17, 14),
(6, '2125.00', 8, 14, 121),
(7, '2759.00', 2, 1, 34),
(8, '2711.00', 6, 13, 82),
(9, '2338.00', 8, 17, 61),
(10, '2593.00', 10, 5, 153),
(11, '2771.00', 5, 13, 4),
(12, '2939.00', 4, 6, 16),
(13, '2807.00', 3, 8, 104),
(14, '2285.00', 1, 14, 15),
(15, '2158.00', 2, 1, 54),
(16, '2198.00', 6, 7, 129),
(17, '2526.00', 6, 18, 27),
(18, '2847.00', 2, 19, 103),
(19, '2153.00', 5, 5, 42),
(20, '2910.00', 8, 4, 72),
(21, '2625.00', 5, 8, 137),
(22, '2372.00', 9, 5, 12),
(23, '2694.00', 10, 10, 51),
(24, '2437.00', 9, 4, 110),
(25, '2725.00', 5, 9, 122),
(26, '2516.00', 10, 19, 143),
(27, '2695.00', 2, 13, 119),
(28, '2898.00', 2, 4, 40),
(29, '2018.00', 3, 2, 10),
(30, '2149.00', 8, 9, 107),
(31, '2898.00', 2, 3, 121),
(32, '2128.00', 7, 15, 89),
(33, '2858.00', 8, 4, 47),
(34, '2539.00', 8, 15, 44),
(35, '2771.00', 1, 17, 117),
(36, '2074.00', 4, 14, 130),
(37, '2355.00', 10, 7, 144),
(38, '2069.00', 4, 6, 122),
(39, '2881.00', 10, 3, 57),
(40, '2121.00', 3, 5, 94),
(41, '2664.00', 6, 19, 120),
(42, '2611.00', 9, 8, 135),
(43, '2007.00', 4, 17, 56),
(44, '2588.00', 10, 8, 5),
(45, '2760.00', 8, 11, 119),
(46, '2631.00', 5, 3, 78),
(47, '2806.00', 8, 6, 96),
(48, '2900.00', 3, 11, 45),
(49, '2585.00', 9, 11, 77),
(50, '2026.00', 5, 11, 82),
(51, '2944.00', 1, 3, 151),
(52, '2964.00', 9, 19, 141),
(53, '2661.00', 10, 11, 104),
(54, '2353.00', 5, 12, 142),
(55, '2470.00', 3, 9, 66),
(56, '2220.00', 10, 4, 139),
(57, '2360.00', 3, 15, 54),
(58, '2527.00', 5, 3, 144),
(59, '2078.00', 1, 7, 28),
(60, '2077.00', 4, 1, 52),
(61, '2115.00', 3, 15, 97),
(62, '2776.00', 4, 14, 142),
(63, '2872.00', 7, 8, 130),
(64, '2935.00', 1, 16, 1),
(65, '2750.00', 1, 12, 84),
(66, '2429.00', 6, 9, 83),
(67, '2432.00', 7, 13, 20),
(68, '2578.00', 7, 13, 6),
(69, '2160.00', 5, 17, 8),
(70, '2192.00', 6, 7, 52),
(71, '2205.00', 5, 6, 84),
(72, '2004.00', 1, 7, 125),
(73, '2248.00', 7, 16, 104),
(74, '2640.00', 9, 5, 150),
(75, '2266.00', 8, 12, 37),
(76, '2358.00', 6, 6, 138),
(77, '2066.00', 1, 18, 95),
(78, '2619.00', 5, 15, 32),
(79, '2321.00', 10, 17, 91),
(80, '2650.00', 1, 11, 144),
(81, '2067.00', 1, 1, 92),
(82, '2738.00', 5, 15, 72),
(83, '2779.00', 7, 8, 63),
(84, '2119.00', 6, 19, 106),
(85, '2457.00', 8, 11, 20),
(86, '2543.00', 1, 8, 29),
(87, '2733.00', 4, 11, 31),
(88, '2689.00', 10, 8, 55),
(89, '2930.00', 7, 18, 118),
(90, '2833.00', 10, 19, 43),
(91, '2559.00', 10, 3, 1),
(92, '2483.00', 7, 17, 144),
(93, '2434.00', 7, 12, 107),
(94, '2885.00', 8, 12, 48),
(95, '2306.00', 6, 19, 83),
(96, '2154.00', 1, 6, 45),
(97, '2169.00', 3, 7, 13),
(98, '2634.00', 9, 19, 145),
(99, '2586.00', 4, 5, 136),
(100, '2261.00', 8, 11, 134),
(101, '2740.00', 6, 8, 57),
(102, '2741.00', 3, 7, 43),
(103, '2028.00', 1, 18, 31),
(104, '2592.00', 2, 16, 73),
(105, '2349.00', 2, 6, 139),
(106, '2676.00', 8, 6, 34),
(107, '2484.00', 9, 13, 64),
(108, '2976.00', 9, 14, 31),
(109, '2496.00', 5, 5, 87),
(110, '2421.00', 3, 6, 83),
(111, '2482.00', 4, 10, 61),
(112, '2847.00', 9, 6, 39),
(113, '2279.00', 1, 9, 108),
(114, '2672.00', 4, 16, 91),
(115, '2308.00', 1, 16, 85),
(116, '2063.00', 1, 62, 70),
(117, '2480.00', 4, 46, 97),
(118, '2820.00', 3, 77, 68),
(119, '2394.00', 1, 42, 136),
(120, '2906.00', 2, 41, 97),
(121, '2052.00', 6, 59, 107),
(122, '2488.00', 3, 61, 147),
(123, '2563.00', 6, 69, 130),
(124, '2614.00', 10, 44, 106),
(125, '2709.00', 8, 62, 112),
(126, '2380.00', 10, 60, 41),
(127, '2565.00', 5, 46, 72),
(128, '2869.00', 6, 33, 117),
(129, '2779.00', 8, 70, 40),
(130, '2473.00', 7, 54, 43),
(131, '2093.00', 5, 44, 54),
(132, '2164.00', 4, 55, 1),
(133, '2081.00', 4, 41, 2),
(134, '2460.00', 2, 39, 120),
(135, '2530.00', 9, 80, 3),
(136, '2579.00', 2, 73, 25),
(137, '2957.00', 5, 66, 7),
(138, '2817.00', 7, 64, 24),
(139, '2167.00', 4, 58, 94),
(140, '2991.00', 5, 44, 26),
(141, '2525.00', 7, 44, 62),
(142, '2810.00', 6, 39, 73),
(143, '2815.00', 6, 46, 14),
(144, '2783.00', 3, 37, 51),
(145, '2966.00', 6, 66, 146),
(146, '2050.00', 4, 77, 9),
(147, '2617.00', 3, 45, 43),
(148, '2069.00', 9, 39, 82),
(149, '2642.00', 1, 49, 149),
(150, '2170.00', 7, 79, 135),
(151, '2168.00', 7, 37, 59),
(152, '2017.00', 3, 75, 54),
(153, '2193.00', 3, 41, 69),
(154, '2777.00', 9, 60, 154),
(155, '2845.00', 3, 53, 100),
(156, '2792.00', 3, 48, 123),
(157, '2452.00', 7, 52, 126),
(158, '2337.00', 2, 56, 3),
(159, '2458.00', 8, 66, 103),
(160, '2418.00', 4, 61, 143),
(161, '2013.00', 2, 33, 103),
(162, '2367.00', 9, 54, 49),
(163, '2378.00', 8, 83, 150),
(164, '2583.00', 4, 74, 4),
(165, '2469.00', 7, 40, 141),
(166, '2009.00', 7, 62, 152),
(167, '2345.00', 4, 61, 100),
(168, '2362.00', 6, 61, 74),
(169, '2143.00', 8, 78, 3),
(170, '2571.00', 4, 47, 57),
(171, '2094.00', 3, 48, 115),
(172, '2327.00', 10, 75, 81),
(173, '2497.00', 6, 54, 83),
(174, '2042.00', 9, 34, 134),
(175, '2922.00', 4, 63, 122),
(176, '2913.00', 1, 55, 146),
(177, '2948.00', 6, 78, 22),
(178, '2253.00', 4, 39, 63),
(179, '2496.00', 1, 53, 135),
(180, '2127.00', 3, 81, 124),
(181, '2863.00', 4, 72, 49),
(182, '2863.00', 10, 83, 151),
(183, '2167.00', 10, 51, 137),
(184, '2435.00', 10, 82, 5),
(185, '2991.00', 1, 35, 36),
(186, '2881.00', 9, 67, 10),
(187, '2121.00', 4, 43, 36),
(188, '2718.00', 1, 41, 64),
(189, '2967.00', 8, 57, 5),
(190, '2434.00', 1, 60, 5),
(191, '2690.00', 1, 66, 9),
(192, '2442.00', 10, 64, 147),
(193, '2472.00', 9, 69, 99),
(194, '2289.00', 3, 65, 102),
(195, '2745.00', 8, 46, 42),
(196, '2501.00', 6, 81, 123),
(197, '2476.00', 5, 63, 88),
(198, '2401.00', 7, 80, 135),
(199, '2060.00', 9, 50, 72),
(200, '2888.00', 5, 83, 126),
(201, '2515.00', 4, 71, 1),
(202, '2684.00', 10, 34, 149),
(203, '2868.00', 7, 50, 154),
(204, '2779.00', 4, 65, 143),
(205, '2896.00', 4, 80, 140),
(206, '2670.00', 3, 78, 134),
(207, '2479.00', 4, 80, 109),
(208, '2272.00', 2, 34, 49),
(209, '2435.00', 10, 42, 26),
(210, '2349.00', 7, 45, 5),
(211, '2143.00', 10, 76, 26),
(212, '2333.00', 7, 48, 15),
(213, '2770.00', 7, 61, 73),
(214, '2907.00', 4, 67, 13),
(215, '2984.00', 3, 78, 90),
(216, '2224.00', 5, 52, 104),
(217, '2119.00', 4, 39, 98),
(218, '2057.00', 7, 73, 152),
(219, '2597.00', 9, 74, 140),
(220, '2600.00', 7, 77, 30),
(221, '2463.00', 8, 71, 136),
(222, '2452.00', 10, 71, 50),
(223, '2135.00', 9, 41, 34),
(224, '2256.00', 4, 35, 20),
(225, '2639.00', 7, 81, 140),
(226, '2669.00', 10, 66, 56),
(227, '2658.00', 8, 47, 95),
(228, '2724.00', 7, 60, 90),
(229, '2192.00', 6, 54, 119),
(230, '2363.00', 10, 57, 112),
(231, '2922.00', 6, 42, 1),
(232, '2301.00', 5, 46, 83),
(233, '2238.00', 7, 35, 68),
(234, '2642.00', 3, 35, 6),
(235, '2306.00', 5, 45, 10),
(236, '2296.00', 3, 59, 61),
(237, '2007.00', 10, 45, 135),
(238, '2092.00', 6, 53, 21),
(239, '2883.00', 7, 53, 40),
(240, '2159.00', 3, 81, 10),
(241, '2036.00', 3, 69, 18),
(242, '2158.00', 6, 48, 140),
(243, '2612.00', 2, 63, 138),
(244, '2960.00', 10, 39, 150),
(245, '2187.00', 10, 65, 108),
(246, '2110.00', 2, 73, 148),
(247, '2864.00', 5, 35, 136),
(248, '2175.00', 4, 39, 47),
(249, '2021.00', 7, 77, 114),
(250, '2795.00', 3, 36, 89),
(251, '2335.00', 3, 50, 91),
(252, '2831.00', 1, 34, 72),
(253, '2144.00', 6, 72, 149),
(254, '2885.00', 9, 66, 111),
(255, '2932.00', 5, 64, 3),
(256, '2633.00', 8, 80, 152),
(257, '2500.00', 7, 78, 7),
(258, '2056.00', 3, 53, 70),
(259, '2897.00', 4, 48, 88),
(260, '2628.00', 8, 66, 6),
(261, '2048.00', 8, 37, 93),
(262, '2125.00', 8, 78, 150),
(263, '2205.00', 3, 35, 127),
(264, '2626.00', 9, 37, 40),
(265, '2534.00', 4, 53, 135),
(266, '2983.00', 4, 61, 107),
(267, '2606.00', 4, 53, 155),
(268, '2140.00', 1, 35, 77),
(269, '2926.00', 8, 34, 116),
(270, '2316.00', 8, 66, 40),
(271, '2043.00', 8, 53, 42),
(272, '2689.00', 3, 59, 126),
(273, '2025.00', 10, 69, 109),
(274, '2609.00', 4, 49, 28),
(275, '2363.00', 9, 42, 146),
(276, '2620.00', 3, 35, 91),
(277, '2028.00', 8, 67, 5),
(278, '2195.00', 1, 49, 66),
(279, '2641.00', 9, 63, 63),
(280, '2255.00', 1, 44, 1),
(281, '2551.00', 6, 71, 49),
(282, '2699.00', 8, 34, 94),
(283, '2705.00', 3, 68, 119),
(284, '2719.00', 2, 36, 117),
(285, '2828.00', 8, 36, 95),
(286, '2214.00', 7, 82, 51),
(287, '2531.00', 1, 33, 64),
(288, '2941.00', 7, 49, 109),
(289, '2298.00', 3, 52, 87),
(290, '2162.00', 4, 59, 98),
(291, '2595.00', 3, 58, 136),
(292, '2620.00', 4, 42, 109),
(293, '2942.00', 7, 40, 95),
(294, '2252.00', 7, 41, 112),
(295, '2690.00', 5, 57, 126),
(296, '2110.00', 7, 44, 116),
(297, '2321.00', 3, 43, 40),
(298, '2379.00', 3, 72, 153),
(299, '2999.00', 1, 38, 62),
(300, '2216.00', 1, 65, 40),
(301, '2563.00', 4, 76, 28),
(302, '2492.00', 9, 43, 85),
(303, '2986.00', 3, 60, 106),
(304, '2092.00', 7, 55, 11),
(305, '2791.00', 8, 76, 98),
(306, '2651.00', 8, 80, 9),
(307, '2365.00', 9, 79, 117),
(308, '2683.00', 3, 57, 103),
(309, '2422.00', 4, 51, 131),
(310, '2463.00', 10, 36, 52),
(311, '2054.00', 7, 60, 35),
(312, '2623.00', 10, 62, 61),
(313, '2080.00', 7, 35, 33),
(314, '2813.00', 6, 79, 60),
(315, '2165.00', 3, 77, 73),
(316, '2076.00', 6, 74, 88),
(317, '2564.00', 6, 56, 4),
(318, '2786.00', 1, 58, 9),
(319, '2744.00', 8, 45, 97),
(320, '2320.00', 7, 66, 67),
(321, '2865.00', 10, 46, 40),
(322, '2448.00', 7, 62, 44),
(323, '2047.00', 7, 73, 117),
(324, '2129.00', 10, 33, 16),
(325, '2345.00', 7, 39, 75),
(326, '2760.00', 5, 34, 72),
(327, '2664.00', 5, 62, 67),
(328, '2263.00', 1, 39, 129),
(329, '2633.00', 3, 60, 80),
(330, '2728.00', 10, 79, 59),
(331, '2069.00', 3, 33, 27),
(332, '2720.00', 4, 52, 61),
(333, '2127.00', 10, 69, 77),
(334, '2380.00', 9, 33, 144),
(335, '2121.00', 5, 78, 130),
(336, '2942.00', 6, 72, 46),
(337, '2004.00', 8, 70, 45),
(338, '2966.00', 1, 44, 105),
(339, '2638.00', 1, 54, 145),
(340, '2239.00', 8, 53, 53),
(341, '2343.00', 3, 59, 89),
(342, '2731.00', 4, 42, 51),
(343, '2238.00', 5, 70, 26),
(344, '2708.00', 2, 68, 122),
(345, '2997.00', 7, 60, 122),
(346, '2545.00', 4, 78, 64),
(347, '2436.00', 3, 68, 62),
(348, '2894.00', 4, 72, 58),
(349, '2343.00', 1, 58, 8),
(350, '2888.00', 9, 53, 15),
(351, '2933.00', 7, 63, 120),
(352, '2179.00', 5, 78, 21),
(353, '2469.00', 9, 81, 98),
(354, '3000.00', 9, 63, 126),
(355, '2915.00', 3, 53, 126),
(356, '2494.00', 5, 46, 137),
(357, '2291.00', 8, 36, 86),
(358, '2443.00', 8, 76, 27),
(359, '2992.00', 2, 70, 10),
(360, '2364.00', 4, 38, 103),
(361, '2443.00', 4, 51, 105),
(362, '2581.00', 2, 66, 132),
(363, '2190.00', 2, 47, 49),
(364, '2445.00', 1, 59, 87),
(365, '2633.00', 9, 73, 146),
(366, '2316.00', 8, 70, 153),
(367, '2139.00', 4, 57, 90),
(368, '2183.00', 5, 65, 34),
(369, '2888.00', 5, 34, 119),
(370, '2527.00', 4, 52, 114),
(371, '2922.00', 4, 36, 110),
(372, '2005.00', 5, 51, 149),
(373, '2800.00', 2, 35, 53),
(374, '2745.00', 2, 61, 117),
(375, '2345.00', 1, 79, 23),
(376, '2635.00', 5, 83, 104),
(377, '2407.00', 3, 70, 58),
(378, '2709.00', 6, 47, 102),
(379, '2081.00', 10, 58, 43),
(380, '2148.00', 8, 78, 120),
(381, '2432.00', 9, 58, 107),
(382, '2707.00', 3, 52, 60),
(383, '2309.00', 1, 38, 109),
(384, '2636.00', 4, 48, 122),
(385, '2316.00', 9, 37, 109),
(386, '2901.00', 2, 71, 60),
(387, '2461.00', 8, 82, 34),
(388, '2310.00', 8, 81, 119),
(389, '2455.00', 7, 36, 33),
(390, '2662.00', 8, 40, 155),
(391, '2579.00', 6, 39, 120),
(392, '2991.00', 8, 65, 40),
(393, '2780.00', 9, 56, 139),
(394, '2032.00', 9, 42, 92),
(395, '2465.00', 5, 37, 18),
(396, '2030.00', 5, 62, 71),
(397, '2470.00', 9, 51, 93),
(398, '2049.00', 2, 62, 146),
(399, '2777.00', 6, 66, 56),
(400, '2408.00', 7, 51, 85),
(401, '2444.00', 7, 59, 94),
(402, '2381.00', 7, 67, 111),
(403, '2975.00', 2, 82, 2),
(404, '2843.00', 4, 72, 105),
(405, '2031.00', 3, 74, 16),
(406, '2159.00', 7, 40, 74),
(407, '2178.00', 9, 56, 63),
(408, '2839.00', 6, 56, 86),
(409, '2226.00', 8, 70, 8),
(410, '2835.00', 2, 81, 91),
(411, '2064.00', 3, 37, 126),
(412, '2488.00', 10, 34, 154),
(413, '2180.00', 9, 59, 139),
(414, '2857.00', 9, 57, 48),
(415, '2239.00', 4, 77, 28),
(416, '2598.00', 3, 82, 123),
(417, '2226.00', 2, 58, 113),
(418, '2430.00', 10, 59, 90),
(419, '2609.00', 3, 40, 21),
(420, '2727.00', 1, 79, 154),
(421, '2740.00', 1, 67, 99),
(422, '2561.00', 5, 80, 126),
(423, '2365.00', 6, 52, 25),
(424, '2281.00', 5, 68, 68),
(425, '2213.00', 8, 58, 45),
(426, '2370.00', 5, 64, 50),
(427, '2296.00', 7, 35, 78),
(428, '2813.00', 7, 70, 129),
(429, '2565.00', 5, 42, 61),
(430, '2035.00', 7, 51, 101),
(431, '2893.00', 1, 83, 17),
(432, '2820.00', 3, 41, 99),
(433, '2757.00', 7, 67, 99),
(434, '2946.00', 8, 48, 104),
(435, '2166.00', 2, 48, 57),
(436, '2372.00', 5, 63, 107),
(437, '2692.00', 6, 65, 84),
(438, '2101.00', 9, 40, 82),
(439, '2134.00', 7, 41, 76),
(440, '2622.00', 1, 81, 114),
(441, '2243.00', 2, 63, 129),
(442, '2185.00', 6, 80, 104),
(443, '2792.00', 3, 33, 102),
(444, '2945.00', 1, 72, 112),
(445, '2065.00', 9, 53, 148),
(446, '2829.00', 5, 68, 47),
(447, '2467.00', 1, 64, 32),
(448, '2944.00', 4, 39, 25),
(449, '2281.00', 7, 35, 87),
(450, '2976.00', 5, 56, 17),
(451, '2930.00', 7, 83, 20),
(452, '2878.00', 9, 46, 103),
(453, '2069.00', 4, 61, 148),
(454, '2936.00', 1, 40, 76),
(455, '2072.00', 6, 62, 142),
(456, '2620.00', 10, 57, 66),
(457, '2902.00', 1, 42, 72),
(458, '2259.00', 1, 33, 43),
(459, '2909.00', 9, 67, 133),
(460, '2372.00', 1, 83, 37),
(461, '2894.00', 7, 81, 33),
(462, '2649.00', 5, 48, 118),
(463, '2036.00', 7, 67, 130),
(464, '2638.00', 5, 50, 44),
(465, '2191.00', 2, 66, 52),
(466, '2681.00', 10, 57, 126),
(467, '2585.00', 5, 60, 71),
(468, '2286.00', 9, 61, 152),
(469, '2726.00', 8, 44, 88),
(470, '2934.00', 3, 40, 48),
(471, '2140.00', 1, 49, 11),
(472, '2936.00', 1, 83, 88),
(473, '2699.00', 10, 48, 113),
(474, '2311.00', 5, 61, 66),
(475, '2491.00', 7, 57, 90),
(476, '2299.00', 6, 69, 115),
(477, '2828.00', 1, 33, 21),
(478, '2946.00', 1, 46, 105),
(479, '2602.00', 6, 74, 15),
(480, '2655.00', 9, 51, 92),
(481, '2628.00', 2, 44, 103),
(482, '2542.00', 5, 44, 136),
(483, '2359.00', 6, 47, 108),
(484, '2731.00', 10, 64, 13),
(485, '2424.00', 7, 64, 41),
(486, '2830.00', 1, 43, 112),
(487, '2680.00', 4, 39, 136),
(488, '2201.00', 1, 76, 118),
(489, '2136.00', 3, 77, 3),
(490, '2778.00', 8, 50, 27),
(491, '2279.00', 5, 41, 128),
(492, '2268.00', 2, 76, 93),
(493, '2450.00', 10, 83, 16),
(494, '2950.00', 4, 66, 94),
(495, '2230.00', 4, 37, 119),
(496, '2957.00', 2, 40, 4),
(497, '2034.00', 6, 40, 50),
(498, '2728.00', 4, 66, 102),
(499, '2657.00', 7, 77, 16),
(500, '2494.00', 5, 36, 125),
(501, '2491.00', 5, 63, 146),
(502, '2123.00', 2, 52, 73),
(503, '2941.00', 8, 47, 153),
(504, '2089.00', 10, 58, 35),
(505, '2823.00', 8, 70, 71),
(506, '2801.00', 8, 59, 134),
(507, '2516.00', 5, 81, 55),
(508, '2508.00', 2, 78, 76),
(509, '2969.00', 4, 43, 85),
(510, '2329.00', 9, 54, 2),
(511, '2084.00', 2, 53, 74),
(512, '2295.00', 5, 58, 69),
(513, '2513.00', 8, 60, 38),
(514, '2600.00', 6, 70, 108),
(515, '2301.00', 2, 76, 64),
(516, '2576.00', 8, 67, 33),
(517, '2474.00', 6, 65, 109),
(518, '2164.00', 5, 69, 150),
(519, '2450.00', 6, 80, 26),
(520, '2485.00', 9, 78, 57),
(521, '2359.00', 9, 50, 63),
(522, '2036.00', 6, 52, 126),
(523, '2041.00', 1, 71, 56),
(524, '2346.00', 5, 57, 96),
(525, '2192.00', 6, 44, 44),
(526, '2111.00', 2, 69, 99),
(527, '2452.00', 9, 36, 117),
(528, '2511.00', 6, 36, 139),
(529, '2940.00', 1, 42, 123),
(530, '2057.00', 3, 79, 127),
(531, '2615.00', 2, 48, 13),
(532, '2700.00', 1, 73, 112),
(533, '2972.00', 2, 36, 110),
(534, '2214.00', 10, 72, 58),
(535, '2811.00', 8, 80, 78),
(536, '2962.00', 6, 75, 81),
(537, '2280.00', 10, 58, 12),
(538, '2218.00', 6, 82, 79),
(539, '2283.00', 2, 33, 122),
(540, '2706.00', 7, 45, 101),
(541, '2399.00', 4, 63, 121),
(542, '2648.00', 3, 74, 42),
(543, '2472.00', 9, 56, 21),
(544, '2658.00', 8, 47, 84),
(545, '2179.00', 7, 51, 126),
(546, '2299.00', 10, 42, 71),
(547, '2419.00', 6, 59, 53),
(548, '2649.00', 2, 57, 107),
(549, '2643.00', 9, 34, 14),
(550, '2141.00', 9, 53, 45),
(551, '2817.00', 3, 49, 148),
(552, '2736.00', 7, 76, 52),
(553, '2124.00', 9, 49, 16),
(554, '2277.00', 7, 42, 14),
(555, '2278.00', 7, 39, 17),
(556, '2042.00', 4, 53, 56),
(557, '2149.00', 7, 45, 78),
(558, '2984.00', 10, 83, 136),
(559, '2407.00', 7, 60, 152),
(560, '2056.00', 5, 78, 122),
(561, '2404.00', 8, 46, 135),
(562, '2986.00', 1, 49, 67),
(563, '2775.00', 1, 50, 115),
(564, '2066.00', 2, 58, 75),
(565, '2604.00', 8, 48, 89),
(566, '2159.00', 8, 77, 12),
(567, '2921.00', 2, 53, 139),
(568, '2682.00', 1, 35, 96),
(569, '2422.00', 4, 58, 25),
(570, '2394.00', 4, 71, 20),
(571, '2048.00', 3, 45, 140),
(572, '2982.00', 7, 69, 103),
(573, '2778.00', 6, 43, 86),
(574, '2646.00', 6, 51, 135),
(575, '2577.00', 6, 65, 122),
(576, '2852.00', 7, 33, 89),
(577, '2478.00', 3, 38, 153),
(578, '2545.00', 4, 38, 114),
(579, '2153.00', 2, 71, 29),
(580, '2211.00', 2, 33, 141),
(581, '2480.00', 9, 59, 129),
(582, '2063.00', 10, 72, 76),
(583, '2515.00', 4, 58, 53),
(584, '2967.00', 5, 43, 66),
(585, '2387.00', 4, 44, 66),
(586, '2496.00', 1, 43, 13),
(587, '2881.00', 9, 48, 36),
(588, '2165.00', 2, 67, 51),
(589, '2988.00', 7, 47, 127),
(590, '2185.00', 3, 53, 95),
(591, '2659.00', 5, 45, 113),
(592, '2247.00', 6, 75, 2),
(593, '2445.00', 3, 54, 59),
(594, '2000.00', 9, 40, 13),
(595, '2114.00', 8, 76, 43),
(596, '2910.00', 10, 42, 77),
(597, '2716.00', 3, 49, 36),
(598, '2538.00', 4, 43, 83),
(599, '2761.00', 1, 34, 93),
(600, '2972.00', 10, 48, 54),
(601, '2575.00', 1, 47, 39),
(602, '2112.00', 7, 42, 149),
(603, '2623.00', 5, 75, 3),
(604, '2258.00', 1, 58, 148),
(605, '2089.00', 2, 35, 6),
(606, '2782.00', 1, 53, 119),
(607, '2584.00', 8, 58, 25),
(608, '2683.00', 9, 72, 44),
(609, '2752.00', 7, 34, 48),
(610, '2028.00', 10, 78, 148),
(611, '2263.00', 3, 59, 78),
(612, '2967.00', 6, 47, 102),
(613, '2136.00', 10, 37, 122),
(614, '2572.00', 10, 64, 98),
(615, '2563.00', 7, 68, 16),
(616, '2558.00', 9, 81, 56),
(617, '2558.00', 7, 59, 61),
(618, '2590.00', 5, 79, 55),
(619, '2689.00', 3, 61, 49),
(620, '2049.00', 3, 65, 147),
(621, '2306.00', 9, 52, 56),
(622, '2232.00', 2, 43, 41),
(623, '2004.00', 7, 60, 14),
(624, '2548.00', 7, 45, 138),
(625, '2328.00', 1, 83, 42),
(626, '2829.00', 1, 73, 138),
(627, '2648.00', 9, 53, 45),
(628, '2592.00', 1, 36, 50),
(629, '2202.00', 1, 79, 109),
(630, '2869.00', 6, 75, 87),
(631, '2095.00', 3, 38, 63),
(632, '2847.00', 10, 52, 63),
(633, '2085.00', 1, 36, 154),
(634, '2806.00', 2, 72, 98),
(635, '2817.00', 1, 58, 97),
(636, '2908.00', 4, 74, 22),
(637, '2705.00', 9, 76, 22),
(638, '2747.00', 6, 75, 69),
(639, '2129.00', 4, 36, 33),
(640, '2234.00', 4, 47, 73),
(641, '2419.00', 10, 33, 67),
(642, '2281.00', 7, 42, 134),
(643, '2954.00', 1, 17, 40),
(644, '2946.00', 6, 10, 155),
(645, '2802.00', 5, 8, 12),
(646, '2589.00', 3, 11, 106),
(647, '2231.00', 9, 15, 5),
(648, '2030.00', 5, 4, 96),
(649, '2614.00', 10, 11, 51),
(650, '2292.00', 10, 18, 57),
(651, '2973.00', 3, 9, 150),
(652, '2243.00', 5, 16, 112),
(653, '2717.00', 3, 18, 40),
(654, '2054.00', 7, 6, 99),
(655, '2836.00', 6, 8, 5),
(656, '2198.00', 7, 15, 2),
(657, '2851.00', 3, 3, 71),
(658, '2957.00', 9, 5, 60),
(659, '2467.00', 4, 18, 139),
(660, '2154.00', 8, 14, 22),
(661, '2079.00', 2, 15, 65),
(662, '2184.00', 3, 7, 85),
(663, '2095.00', 4, 2, 33),
(664, '2828.00', 1, 18, 78),
(665, '2659.00', 8, 9, 148),
(666, '2927.00', 10, 3, 87),
(667, '2664.00', 10, 11, 27),
(668, '2195.00', 10, 19, 124),
(669, '2548.00', 7, 3, 102),
(670, '2923.00', 9, 14, 43),
(671, '2752.00', 3, 15, 131),
(672, '2466.00', 8, 6, 107),
(673, '2244.00', 5, 5, 8),
(674, '2382.00', 6, 6, 117),
(675, '2687.00', 5, 17, 102),
(676, '2353.00', 3, 2, 141),
(677, '2494.00', 6, 13, 131),
(678, '2100.00', 5, 1, 7),
(679, '2645.00', 8, 7, 150),
(680, '2863.00', 1, 9, 138),
(681, '2439.00', 10, 16, 91),
(682, '2574.00', 6, 4, 12),
(683, '2693.00', 1, 17, 27),
(684, '2374.00', 10, 13, 131),
(685, '2525.00', 2, 10, 100),
(686, '2428.00', 7, 13, 90),
(687, '2425.00', 2, 12, 96),
(688, '2563.00', 1, 14, 14),
(689, '2697.00', 5, 16, 91),
(690, '2864.00', 9, 4, 127),
(691, '2495.00', 4, 5, 40),
(692, '2614.00', 9, 16, 81),
(693, '2140.00', 1, 2, 82),
(694, '2428.00', 9, 6, 50),
(695, '2043.00', 1, 3, 148),
(696, '2987.00', 1, 8, 73),
(697, '2167.00', 6, 4, 104),
(698, '2192.00', 1, 9, 39),
(699, '2006.00', 6, 17, 99),
(700, '2159.00', 10, 14, 80),
(701, '2518.00', 1, 18, 39),
(702, '2533.00', 7, 1, 80),
(703, '2507.00', 6, 10, 154),
(704, '2257.00', 4, 2, 42),
(705, '2416.00', 7, 18, 87),
(706, '2579.00', 1, 3, 61),
(707, '2305.00', 3, 3, 54),
(708, '2188.00', 1, 7, 120),
(709, '2215.00', 7, 8, 81),
(710, '2949.00', 1, 2, 85),
(711, '2056.00', 6, 11, 81),
(712, '2693.00', 6, 18, 103),
(713, '2425.00', 4, 19, 20),
(714, '2720.00', 6, 14, 42),
(715, '2028.00', 3, 9, 51),
(716, '2098.00', 1, 6, 51),
(717, '2344.00', 5, 1, 107),
(718, '2988.00', 7, 4, 101),
(719, '2155.00', 10, 10, 95),
(720, '2223.00', 10, 14, 94),
(721, '2938.00', 2, 7, 4),
(722, '2977.00', 7, 9, 12),
(723, '2505.00', 9, 3, 66),
(724, '2865.00', 10, 17, 31),
(725, '2665.00', 6, 10, 104),
(726, '2371.00', 2, 9, 64),
(727, '2021.00', 6, 16, 20),
(728, '2708.00', 8, 7, 84),
(729, '2044.00', 6, 9, 48),
(730, '2570.00', 7, 19, 76),
(731, '2584.00', 7, 17, 95),
(732, '2742.00', 8, 10, 111),
(733, '2496.00', 7, 1, 143),
(734, '2331.00', 3, 8, 145),
(735, '2922.00', 8, 5, 12),
(736, '2786.00', 6, 13, 64),
(737, '2430.00', 5, 6, 27),
(738, '2058.00', 2, 18, 144),
(739, '2685.00', 5, 1, 87),
(740, '2953.00', 1, 5, 5),
(741, '2676.00', 6, 10, 147),
(742, '2033.00', 6, 6, 52),
(743, '2728.00', 5, 7, 113),
(744, '2133.00', 8, 19, 118),
(745, '2985.00', 3, 4, 29),
(746, '2045.00', 5, 18, 20),
(747, '2378.00', 8, 3, 8),
(748, '2958.00', 8, 14, 45),
(749, '2390.00', 4, 13, 99),
(750, '2784.00', 2, 4, 108),
(751, '2661.00', 6, 13, 47),
(752, '2447.00', 4, 17, 7),
(753, '2093.00', 2, 7, 88),
(754, '2927.00', 8, 15, 129),
(755, '2022.00', 5, 2, 6),
(756, '2328.00', 3, 16, 16),
(757, '2863.00', 1, 1, 96),
(758, '2645.00', 10, 55, 39),
(759, '2710.00', 1, 38, 112),
(760, '2335.00', 1, 56, 23),
(761, '2701.00', 1, 83, 151),
(762, '2858.00', 10, 80, 119),
(763, '2754.00', 2, 76, 82),
(764, '2176.00', 1, 58, 55),
(765, '2864.00', 6, 45, 143),
(766, '2552.00', 6, 37, 124),
(767, '2061.00', 6, 51, 29),
(768, '2388.00', 8, 82, 110),
(769, '2732.00', 4, 65, 103),
(770, '2295.00', 4, 45, 63),
(771, '2864.00', 9, 46, 16),
(772, '2656.00', 5, 56, 108),
(773, '2969.00', 7, 83, 91),
(774, '2233.00', 6, 55, 86),
(775, '2233.00', 10, 55, 60),
(776, '2571.00', 8, 78, 102),
(777, '2076.00', 1, 39, 139),
(778, '2835.00', 5, 36, 130),
(779, '2666.00', 2, 78, 126),
(780, '2439.00', 8, 48, 139),
(781, '2419.00', 9, 56, 10),
(782, '2669.00', 7, 55, 134),
(783, '2751.00', 3, 67, 82),
(784, '2131.00', 8, 36, 32),
(785, '2405.00', 8, 78, 69),
(786, '2815.00', 6, 55, 97),
(787, '2804.00', 9, 70, 120),
(788, '2515.00', 3, 62, 29),
(789, '2747.00', 3, 48, 92),
(790, '2214.00', 2, 40, 134),
(791, '2416.00', 4, 39, 67),
(792, '2313.00', 7, 77, 7),
(793, '2163.00', 8, 41, 9),
(794, '2599.00', 9, 39, 4),
(795, '2892.00', 7, 82, 106),
(796, '2305.00', 8, 44, 153),
(797, '2831.00', 8, 83, 103),
(798, '2061.00', 6, 73, 150),
(799, '2770.00', 1, 59, 22),
(800, '2336.00', 5, 39, 131),
(801, '2184.00', 5, 42, 29),
(802, '2646.00', 4, 67, 39),
(803, '2878.00', 2, 66, 81),
(804, '2192.00', 10, 71, 95),
(805, '2170.00', 2, 62, 12),
(806, '2239.00', 3, 52, 3),
(807, '2904.00', 3, 79, 31),
(808, '2219.00', 2, 83, 27),
(809, '2903.00', 10, 80, 119),
(810, '2996.00', 7, 73, 81),
(811, '2960.00', 4, 39, 98),
(812, '2144.00', 7, 45, 74),
(813, '2636.00', 1, 56, 21),
(814, '2718.00', 5, 39, 150),
(815, '2273.00', 2, 49, 86),
(816, '2434.00', 2, 54, 110),
(817, '2134.00', 2, 65, 16),
(818, '2942.00', 1, 38, 69),
(819, '2675.00', 2, 61, 96),
(820, '2869.00', 10, 83, 137),
(821, '2493.00', 7, 75, 59),
(822, '2408.00', 7, 70, 142),
(823, '2721.00', 5, 78, 88),
(824, '2149.00', 7, 43, 94),
(825, '2136.00', 6, 62, 7),
(826, '2745.00', 5, 66, 118),
(827, '2814.00', 6, 42, 28),
(828, '2033.00', 5, 33, 42),
(829, '2067.00', 6, 45, 65),
(830, '2915.00', 3, 50, 37),
(831, '2089.00', 3, 77, 42),
(832, '2217.00', 3, 39, 53),
(833, '2142.00', 10, 61, 107),
(834, '2524.00', 10, 79, 55),
(835, '2055.00', 8, 66, 136),
(836, '2601.00', 8, 56, 146),
(837, '2931.00', 4, 41, 35),
(838, '2495.00', 6, 63, 101),
(839, '2813.00', 3, 45, 105),
(840, '2592.00', 9, 35, 98),
(841, '2525.00', 4, 61, 75),
(842, '2098.00', 7, 61, 140),
(843, '2491.00', 3, 33, 115),
(844, '2117.00', 1, 62, 58),
(845, '2695.00', 6, 59, 7),
(846, '2590.00', 4, 83, 133),
(847, '2057.00', 1, 73, 7),
(848, '2035.00', 7, 37, 78),
(849, '2022.00', 9, 80, 127),
(850, '2608.00', 8, 50, 135),
(851, '2296.00', 4, 56, 23),
(852, '2708.00', 7, 72, 11),
(853, '2992.00', 2, 52, 70),
(854, '2122.00', 10, 59, 69),
(855, '2546.00', 8, 59, 50),
(856, '2940.00', 2, 79, 21),
(857, '2992.00', 7, 83, 125),
(858, '2309.00', 10, 75, 153),
(859, '2443.00', 5, 55, 80),
(860, '2846.00', 3, 42, 49),
(861, '2415.00', 4, 62, 94),
(862, '2858.00', 7, 62, 90),
(863, '2469.00', 7, 41, 138),
(864, '2911.00', 2, 72, 143),
(865, '2225.00', 9, 76, 21),
(866, '2489.00', 1, 44, 142),
(867, '2559.00', 8, 78, 97),
(868, '2798.00', 2, 70, 136),
(869, '2505.00', 5, 70, 123),
(870, '2293.00', 3, 43, 29),
(871, '2491.00', 4, 80, 28),
(872, '2087.00', 3, 33, 132),
(873, '2167.00', 9, 39, 120),
(874, '2661.00', 8, 51, 20),
(875, '2426.00', 10, 60, 1),
(876, '2151.00', 5, 54, 106),
(877, '2085.00', 1, 41, 46),
(878, '2084.00', 7, 58, 113),
(879, '2432.00', 10, 39, 73),
(880, '2471.00', 3, 59, 54),
(881, '2489.00', 4, 53, 47),
(882, '2455.00', 1, 37, 7),
(883, '2657.00', 5, 75, 38),
(884, '2430.00', 5, 65, 120),
(885, '2650.00', 1, 39, 20),
(886, '2617.00', 4, 72, 22),
(887, '2569.00', 7, 43, 95),
(888, '2921.00', 6, 48, 138),
(889, '2366.00', 1, 41, 74),
(890, '2288.00', 6, 62, 13),
(891, '2282.00', 6, 66, 10),
(892, '2322.00', 1, 52, 126),
(893, '2693.00', 4, 48, 4),
(894, '2934.00', 10, 39, 98),
(895, '2866.00', 2, 37, 141),
(896, '2259.00', 10, 33, 105),
(897, '2036.00', 3, 59, 20),
(898, '2168.00', 5, 34, 140),
(899, '2275.00', 10, 61, 129),
(900, '2883.00', 2, 79, 27),
(901, '2025.00', 5, 54, 42),
(902, '2172.00', 2, 72, 62),
(903, '2232.00', 1, 76, 79),
(904, '2128.00', 8, 71, 137),
(905, '2604.00', 3, 77, 107),
(906, '2579.00', 10, 59, 68),
(907, '2337.00', 10, 80, 136),
(908, '2552.00', 10, 46, 38),
(909, '2911.00', 10, 52, 79),
(910, '2084.00', 4, 74, 48),
(911, '2261.00', 9, 13, 143),
(912, '2535.00', 7, 2, 122),
(913, '2000.00', 8, 4, 7),
(914, '2370.00', 10, 4, 72),
(915, '2619.00', 10, 16, 123),
(916, '2155.00', 7, 11, 95),
(917, '2360.00', 1, 8, 155),
(918, '2640.00', 6, 8, 98),
(919, '2824.00', 4, 16, 143),
(920, '2086.00', 3, 14, 83),
(921, '2060.00', 4, 19, 34),
(922, '2811.00', 2, 4, 85),
(923, '2930.00', 8, 15, 60),
(924, '2069.00', 8, 16, 20),
(925, '2689.00', 3, 4, 18),
(926, '2633.00', 3, 13, 99),
(927, '2744.00', 8, 2, 131),
(928, '2075.00', 3, 19, 65),
(929, '2487.00', 8, 16, 26),
(930, '2601.00', 1, 16, 141),
(931, '2079.00', 8, 12, 90),
(932, '2672.00', 4, 4, 115),
(933, '2253.00', 4, 4, 106),
(934, '2864.00', 2, 15, 85),
(935, '2917.00', 3, 17, 19),
(936, '2561.00', 9, 16, 3),
(937, '2994.00', 3, 14, 101),
(938, '2387.00', 6, 19, 32),
(939, '2507.00', 4, 17, 77),
(940, '2215.00', 9, 1, 135),
(941, '2844.00', 7, 5, 106),
(942, '2774.00', 10, 5, 131),
(943, '2645.00', 3, 8, 107),
(944, '2530.00', 5, 8, 6),
(945, '2883.00', 8, 9, 42),
(946, '2418.00', 2, 10, 7),
(947, '2039.00', 1, 17, 4),
(948, '2052.00', 9, 11, 150),
(949, '2930.00', 3, 12, 78),
(950, '2451.00', 8, 16, 130),
(951, '2751.00', 10, 12, 43),
(952, '2170.00', 5, 2, 61),
(953, '2545.00', 9, 10, 40),
(954, '2282.00', 9, 4, 27),
(955, '2632.00', 1, 13, 140),
(956, '2268.00', 5, 5, 127),
(957, '2953.00', 1, 13, 98),
(958, '2804.00', 9, 19, 41),
(959, '2872.00', 2, 12, 121),
(960, '2541.00', 6, 6, 44),
(961, '2528.00', 3, 12, 64),
(962, '2903.00', 4, 9, 85),
(963, '2322.00', 7, 4, 100),
(964, '2338.00', 4, 10, 16),
(965, '2698.00', 10, 3, 106),
(966, '2960.00', 10, 5, 139),
(967, '2430.00', 1, 1, 55),
(968, '2731.00', 3, 13, 99),
(969, '2668.00', 5, 17, 38),
(970, '2293.00', 3, 3, 143),
(971, '2531.00', 6, 13, 47),
(972, '2065.00', 7, 12, 8),
(973, '2768.00', 4, 7, 125),
(974, '2630.00', 7, 2, 18),
(975, '2566.00', 7, 2, 140),
(976, '2399.00', 7, 16, 131),
(977, '2147.00', 6, 6, 106),
(978, '2049.00', 4, 15, 114),
(979, '2877.00', 3, 17, 130),
(980, '2733.00', 10, 4, 46),
(981, '2823.00', 5, 4, 140),
(982, '2961.00', 7, 5, 37),
(983, '2691.00', 4, 17, 27),
(984, '2653.00', 10, 3, 131),
(985, '2919.00', 10, 16, 74),
(986, '2332.00', 3, 19, 102),
(987, '2208.00', 5, 10, 132),
(988, '2962.00', 7, 9, 48),
(989, '2725.00', 3, 2, 146),
(990, '2117.00', 8, 13, 23),
(991, '2651.00', 2, 9, 153),
(992, '2423.00', 9, 5, 69),
(993, '2549.00', 4, 2, 9),
(994, '2684.00', 9, 13, 130),
(995, '2623.00', 3, 3, 151),
(996, '2592.00', 9, 17, 60),
(997, '2167.00', 5, 2, 113),
(998, '2767.00', 4, 13, 71),
(999, '2123.00', 1, 13, 114),
(1000, '2628.00', 9, 14, 124),
(1001, '2818.00', 9, 6, 47),
(1002, '2510.00', 9, 13, 113),
(1003, '2078.00', 3, 10, 92),
(1004, '2227.00', 10, 11, 100),
(1005, '2522.00', 7, 16, 70),
(1006, '2770.00', 10, 13, 2),
(1007, '2847.00', 5, 3, 154),
(1008, '2321.00', 10, 10, 32),
(1009, '2511.00', 7, 8, 109),
(1010, '2021.00', 5, 17, 3),
(1011, '2815.00', 8, 9, 42),
(1012, '2908.00', 3, 9, 26),
(1013, '2536.00', 6, 13, 40),
(1014, '2323.00', 8, 5, 114),
(1015, '2305.00', 4, 3, 124),
(1016, '2798.00', 1, 3, 17),
(1017, '2614.00', 2, 15, 63),
(1018, '2872.00', 4, 9, 36),
(1019, '2980.00', 6, 18, 130),
(1020, '2617.00', 1, 4, 98),
(1021, '2577.00', 8, 15, 151),
(1022, '2712.00', 2, 18, 57),
(1023, '2643.00', 6, 12, 146),
(1024, '2840.00', 5, 17, 91),
(1025, '2808.00', 4, 13, 7),
(1026, '2292.00', 5, 47, 11),
(1027, '2764.00', 2, 74, 102),
(1028, '2225.00', 10, 55, 77),
(1029, '2321.00', 1, 79, 44),
(1030, '2031.00', 4, 55, 34),
(1031, '2016.00', 8, 40, 50),
(1032, '2417.00', 10, 56, 16),
(1033, '2749.00', 5, 40, 153),
(1034, '2104.00', 9, 70, 120),
(1035, '2870.00', 6, 46, 55),
(1036, '2200.00', 10, 77, 33),
(1037, '2024.00', 5, 19, 106),
(1038, '2288.00', 7, 18, 125),
(1039, '2089.00', 3, 7, 51),
(1040, '2876.00', 3, 12, 28),
(1041, '2205.00', 1, 15, 37),
(1042, '2843.00', 5, 19, 93),
(1043, '2924.00', 5, 1, 122),
(1044, '2615.00', 7, 1, 97),
(1045, '2203.00', 6, 4, 102),
(1046, '2456.00', 6, 9, 152),
(1047, '2987.00', 7, 12, 71),
(1048, '2201.00', 6, 11, 129),
(1049, '2319.00', 8, 14, 103),
(1050, '2989.00', 7, 1, 9),
(1051, '2857.00', 10, 9, 146),
(1052, '2974.00', 10, 6, 65),
(1053, '2025.00', 2, 15, 90),
(1054, '2073.00', 2, 15, 83),
(1055, '2958.00', 6, 17, 25),
(1056, '2066.00', 6, 9, 2),
(1057, '2064.00', 2, 14, 153),
(1058, '2177.00', 8, 6, 116),
(1059, '2423.00', 8, 15, 23),
(1060, '2009.00', 7, 6, 155),
(1061, '2744.00', 10, 16, 22),
(1062, '2183.00', 3, 18, 30),
(1063, '2489.00', 10, 13, 39),
(1064, '2351.00', 8, 2, 57),
(1065, '2546.00', 10, 3, 123),
(1066, '2624.00', 9, 14, 93),
(1067, '2067.00', 1, 14, 23),
(1068, '2322.00', 10, 7, 44),
(1069, '2189.00', 7, 18, 48),
(1070, '2062.00', 5, 7, 119),
(1071, '2156.00', 10, 4, 90),
(1072, '2153.00', 10, 5, 90),
(1073, '2269.00', 9, 16, 23),
(1074, '2841.00', 2, 16, 64),
(1075, '2854.00', 3, 7, 83),
(1076, '2604.00', 6, 8, 125),
(1077, '2757.00', 8, 5, 145),
(1078, '2655.00', 5, 14, 105),
(1079, '2208.00', 1, 11, 136),
(1080, '2728.00', 5, 7, 151),
(1081, '2770.00', 3, 9, 121),
(1082, '2159.00', 5, 10, 1),
(1083, '2411.00', 7, 8, 21),
(1084, '2640.00', 10, 18, 84),
(1085, '2380.00', 5, 2, 66),
(1086, '2362.00', 10, 17, 56),
(1087, '2940.00', 6, 13, 107),
(1088, '2801.00', 5, 18, 1),
(1089, '2068.00', 8, 18, 76),
(1090, '2349.00', 7, 5, 102),
(1091, '2658.00', 10, 12, 108),
(1092, '2062.00', 3, 3, 25),
(1093, '2798.00', 9, 19, 153),
(1094, '2151.00', 6, 4, 31),
(1095, '2244.00', 3, 12, 151),
(1096, '2530.00', 5, 3, 31),
(1097, '2121.00', 3, 12, 85),
(1098, '2217.00', 10, 18, 102),
(1099, '2559.00', 7, 3, 145),
(1100, '2846.00', 2, 13, 130),
(1101, '2288.00', 6, 19, 74),
(1102, '2246.00', 8, 12, 30),
(1103, '2159.00', 8, 4, 108),
(1104, '2607.00', 3, 9, 16),
(1105, '2397.00', 9, 14, 97),
(1106, '2935.00', 8, 8, 42),
(1107, '2710.00', 3, 4, 150),
(1108, '2932.00', 10, 10, 2),
(1109, '2733.00', 6, 5, 14),
(1110, '2095.00', 5, 1, 66),
(1111, '2238.00', 1, 10, 144),
(1112, '2378.00', 6, 2, 28),
(1113, '2577.00', 9, 11, 5),
(1114, '2069.00', 7, 19, 129),
(1115, '2910.00', 2, 6, 14),
(1116, '2541.00', 6, 17, 74),
(1117, '2002.00', 10, 4, 126),
(1118, '2973.00', 9, 19, 52),
(1119, '2648.00', 6, 19, 100),
(1120, '2106.00', 9, 13, 65),
(1121, '2784.00', 4, 6, 97),
(1122, '2033.00', 7, 4, 61),
(1123, '2703.00', 10, 10, 43),
(1124, '2120.00', 8, 8, 97),
(1125, '2769.00', 10, 8, 60),
(1126, '2356.00', 9, 9, 149),
(1127, '2285.00', 9, 17, 73),
(1128, '2231.00', 9, 15, 118),
(1129, '2299.00', 8, 11, 148),
(1130, '2373.00', 6, 10, 27),
(1131, '2179.00', 7, 12, 81),
(1132, '2779.00', 5, 11, 154),
(1133, '2396.00', 9, 1, 103),
(1134, '2966.00', 8, 18, 59),
(1135, '2528.00', 7, 14, 76),
(1136, '2210.00', 10, 6, 2),
(1137, '2917.00', 2, 4, 151),
(1138, '2637.00', 9, 10, 96),
(1139, '2342.00', 9, 4, 55),
(1140, '2270.00', 7, 3, 16),
(1141, '2210.00', 2, 15, 70),
(1142, '2077.00', 5, 11, 34),
(1143, '2303.00', 6, 17, 141),
(1144, '2928.00', 3, 16, 4),
(1145, '2551.00', 7, 18, 26),
(1146, '2289.00', 6, 18, 53),
(1147, '2735.00', 1, 18, 118),
(1148, '2659.00', 8, 13, 107),
(1149, '3000.00', 2, 14, 60),
(1150, '2600.00', 4, 4, 43),
(1151, '2951.00', 7, 8, 71),
(1152, '2303.00', 9, 51, 122),
(1153, '2036.00', 10, 62, 143),
(1154, '2903.00', 7, 81, 36),
(1155, '2968.00', 1, 70, 144),
(1156, '2386.00', 5, 36, 113),
(1157, '2987.00', 9, 37, 102),
(1158, '2716.00', 7, 66, 15),
(1159, '2023.00', 8, 75, 91),
(1160, '2375.00', 5, 46, 70),
(1161, '2829.00', 8, 37, 93),
(1162, '2096.00', 4, 61, 23),
(1163, '2438.00', 7, 41, 141),
(1164, '2468.00', 9, 68, 64),
(1165, '2793.00', 3, 71, 154),
(1166, '2369.00', 5, 58, 89),
(1167, '2929.00', 2, 63, 52),
(1168, '2498.00', 4, 36, 109),
(1169, '2077.00', 10, 37, 35),
(1170, '2336.00', 7, 55, 8),
(1171, '2808.00', 3, 52, 32),
(1172, '2612.00', 9, 48, 127),
(1173, '2811.00', 6, 56, 110),
(1174, '2835.00', 9, 80, 82),
(1175, '2328.00', 5, 67, 8),
(1176, '2004.00', 3, 56, 19),
(1177, '2513.00', 4, 41, 67),
(1178, '2268.00', 4, 35, 55),
(1179, '2786.00', 8, 66, 95),
(1180, '2167.00', 10, 50, 51),
(1181, '2796.00', 7, 58, 38),
(1182, '2665.00', 3, 47, 62),
(1183, '2017.00', 7, 79, 2),
(1184, '2081.00', 8, 62, 37),
(1185, '2087.00', 4, 57, 101),
(1186, '2492.00', 3, 67, 113),
(1187, '2588.00', 3, 42, 129),
(1188, '2270.00', 8, 78, 2),
(1189, '2827.00', 8, 49, 92),
(1190, '2045.00', 3, 77, 87),
(1191, '2096.00', 8, 80, 114),
(1192, '2278.00', 7, 41, 151),
(1193, '2271.00', 8, 55, 64),
(1194, '2208.00', 9, 55, 121),
(1195, '2504.00', 9, 81, 30),
(1196, '2577.00', 3, 68, 43),
(1197, '2569.00', 7, 46, 59),
(1198, '2112.00', 3, 36, 35),
(1199, '2307.00', 9, 41, 58),
(1200, '2869.00', 1, 37, 92),
(1201, '2272.00', 7, 80, 62),
(1202, '2911.00', 10, 39, 133),
(1203, '2543.00', 10, 77, 127),
(1204, '2289.00', 3, 38, 55),
(1205, '2526.00', 3, 58, 153),
(1206, '2459.00', 10, 48, 140),
(1207, '2006.00', 7, 48, 45),
(1208, '2183.00', 1, 81, 55),
(1209, '2452.00', 5, 66, 104),
(1210, '2830.00', 3, 83, 67),
(1211, '2531.00', 8, 64, 129),
(1212, '2174.00', 10, 52, 116),
(1213, '2969.00', 6, 80, 49),
(1214, '2082.00', 3, 75, 90),
(1215, '2963.00', 9, 54, 41),
(1216, '2530.00', 7, 67, 143),
(1217, '2851.00', 1, 73, 11),
(1218, '2459.00', 6, 68, 33),
(1219, '2750.00', 9, 52, 134),
(1220, '2782.00', 7, 37, 106),
(1221, '2862.00', 9, 55, 80),
(1222, '2501.00', 2, 64, 92),
(1223, '2259.00', 2, 79, 42),
(1224, '2990.00', 4, 77, 121),
(1225, '2757.00', 7, 61, 10),
(1226, '2951.00', 8, 46, 47),
(1227, '2898.00', 7, 60, 81),
(1228, '2068.00', 1, 69, 12),
(1229, '2867.00', 3, 44, 130),
(1230, '2248.00', 1, 71, 29),
(1231, '2237.00', 6, 74, 27),
(1232, '2781.00', 3, 65, 122),
(1233, '2063.00', 1, 37, 17),
(1234, '2176.00', 4, 83, 13),
(1235, '2799.00', 10, 46, 4),
(1236, '2983.00', 2, 58, 79),
(1237, '2139.00', 2, 65, 138),
(1238, '2800.00', 3, 42, 66),
(1239, '2104.00', 5, 72, 8),
(1240, '2387.00', 5, 72, 27),
(1241, '2517.00', 5, 57, 92),
(1242, '2519.00', 3, 36, 84),
(1243, '2077.00', 2, 62, 94),
(1244, '2744.00', 5, 34, 65),
(1245, '2261.00', 10, 78, 45),
(1246, '2720.00', 2, 41, 32),
(1247, '2319.00', 8, 48, 42),
(1248, '2731.00', 8, 80, 51),
(1249, '2583.00', 8, 43, 38),
(1250, '2179.00', 10, 41, 2),
(1251, '2310.00', 3, 46, 149),
(1252, '2631.00', 8, 64, 61),
(1253, '2183.00', 5, 76, 109),
(1254, '2064.00', 5, 59, 32),
(1255, '2177.00', 6, 79, 49),
(1256, '2981.00', 3, 73, 5),
(1257, '2491.00', 4, 46, 133),
(1258, '2709.00', 3, 53, 139),
(1259, '2372.00', 5, 51, 23),
(1260, '2675.00', 8, 74, 44),
(1261, '2054.00', 4, 48, 15),
(1262, '2897.00', 10, 42, 47),
(1263, '2402.00', 1, 54, 19),
(1264, '2046.00', 1, 78, 65),
(1265, '2671.00', 7, 50, 118),
(1266, '2077.00', 9, 40, 141),
(1267, '2646.00', 10, 51, 149),
(1268, '2089.00', 5, 49, 103),
(1269, '2147.00', 7, 51, 14),
(1270, '2782.00', 5, 33, 113),
(1271, '2688.00', 1, 71, 65),
(1272, '2016.00', 2, 75, 154),
(1273, '2215.00', 1, 46, 11),
(1274, '2724.00', 7, 54, 73),
(1275, '2482.00', 8, 83, 83),
(1276, '2590.00', 4, 40, 117),
(1277, '2565.00', 6, 69, 130),
(1278, '2161.00', 1, 73, 71),
(1279, '2511.00', 3, 62, 110),
(1280, '2978.00', 9, 57, 137),
(1281, '2584.00', 6, 74, 154),
(1282, '2707.00', 9, 54, 15),
(1283, '2687.00', 6, 38, 1),
(1284, '2224.00', 3, 50, 68),
(1285, '2268.00', 6, 33, 39),
(1286, '2904.00', 1, 74, 39),
(1287, '2239.00', 1, 44, 28),
(1288, '2450.00', 10, 54, 82),
(1289, '2788.00', 6, 82, 151),
(1290, '2118.00', 9, 80, 38),
(1291, '2075.00', 7, 78, 69),
(1292, '2458.00', 4, 49, 32),
(1293, '2894.00', 6, 72, 41),
(1294, '2793.00', 8, 63, 107),
(1295, '2386.00', 10, 37, 33),
(1296, '2683.00', 4, 39, 117),
(1297, '2791.00', 6, 60, 41),
(1298, '2013.00', 3, 64, 40),
(1299, '2415.00', 7, 36, 35),
(1300, '2645.00', 1, 48, 18),
(1301, '2140.00', 9, 52, 124),
(1302, '2198.00', 8, 81, 82),
(1303, '2781.00', 6, 46, 106),
(1304, '2696.00', 7, 79, 53),
(1305, '2203.00', 10, 57, 8),
(1306, '2238.00', 6, 69, 151),
(1307, '2869.00', 3, 40, 82),
(1308, '2339.00', 6, 81, 138),
(1309, '2935.00', 3, 51, 93),
(1310, '2736.00', 7, 49, 122),
(1311, '2117.00', 9, 57, 10),
(1312, '2680.00', 8, 49, 72),
(1313, '2057.00', 9, 52, 5),
(1314, '2217.00', 9, 56, 155),
(1315, '2698.00', 3, 60, 106),
(1316, '2219.00', 2, 49, 45),
(1317, '2985.00', 9, 40, 52),
(1318, '2178.00', 7, 72, 21),
(1319, '2328.00', 6, 33, 36),
(1320, '2460.00', 3, 51, 130),
(1321, '2863.00', 7, 53, 18),
(1322, '2364.00', 2, 74, 64),
(1323, '2478.00', 2, 63, 109),
(1324, '2882.00', 9, 52, 110),
(1325, '2993.00', 10, 77, 3),
(1326, '2726.00', 8, 35, 61),
(1327, '2096.00', 4, 80, 69),
(1328, '2622.00', 2, 38, 49),
(1329, '2202.00', 7, 58, 94),
(1330, '2760.00', 1, 40, 114),
(1331, '2664.00', 9, 55, 101),
(1332, '2451.00', 8, 51, 141),
(1333, '2202.00', 2, 72, 66),
(1334, '2175.00', 4, 66, 62),
(1335, '2186.00', 10, 40, 3),
(1336, '2151.00', 2, 35, 121),
(1337, '2985.00', 3, 73, 18),
(1338, '2709.00', 4, 59, 9),
(1339, '2719.00', 6, 66, 26),
(1340, '2288.00', 10, 59, 79),
(1341, '2093.00', 10, 61, 61),
(1342, '2332.00', 6, 81, 2),
(1343, '2046.00', 3, 65, 72),
(1344, '2858.00', 10, 39, 85),
(1345, '2057.00', 1, 79, 60),
(1346, '2853.00', 7, 78, 123),
(1347, '2127.00', 5, 65, 130),
(1348, '2246.00', 6, 36, 101),
(1349, '2733.00', 6, 49, 101),
(1350, '2299.00', 9, 74, 125),
(1351, '2094.00', 10, 38, 100),
(1352, '2717.00', 5, 46, 22),
(1353, '2899.00', 2, 56, 33),
(1354, '2914.00', 8, 52, 22),
(1355, '2636.00', 10, 63, 79),
(1356, '2851.00', 6, 53, 130),
(1357, '2683.00', 3, 72, 140),
(1358, '2978.00', 4, 76, 9),
(1359, '2903.00', 9, 68, 106),
(1360, '2777.00', 3, 40, 90),
(1361, '2177.00', 6, 78, 46),
(1362, '2247.00', 10, 68, 60),
(1363, '2088.00', 4, 82, 36),
(1364, '2822.00', 2, 53, 146),
(1365, '2183.00', 6, 52, 79),
(1366, '2206.00', 4, 42, 16),
(1367, '2707.00', 3, 65, 47),
(1368, '2208.00', 7, 41, 14),
(1369, '2232.00', 1, 74, 100),
(1370, '2312.00', 7, 37, 143),
(1371, '2373.00', 7, 50, 68),
(1372, '2444.00', 9, 53, 1),
(1373, '2342.00', 10, 66, 20),
(1374, '2726.00', 7, 73, 76),
(1375, '2677.00', 4, 52, 28),
(1376, '2252.00', 6, 47, 54),
(1377, '2692.00', 8, 35, 73),
(1378, '2961.00', 2, 47, 142),
(1379, '2231.00', 10, 66, 86),
(1380, '2688.00', 7, 34, 145),
(1381, '2141.00', 7, 42, 78),
(1382, '2984.00', 8, 47, 65),
(1383, '2071.00', 7, 40, 100),
(1384, '2482.00', 9, 83, 9),
(1385, '2626.00', 2, 72, 7),
(1386, '2096.00', 6, 64, 13),
(1387, '2435.00', 2, 76, 143),
(1388, '2532.00', 3, 53, 96),
(1389, '2360.00', 4, 40, 129),
(1390, '2976.00', 9, 72, 11),
(1391, '2764.00', 6, 83, 141),
(1392, '2165.00', 8, 47, 16),
(1393, '2529.00', 5, 60, 92),
(1394, '2557.00', 2, 71, 106),
(1395, '2431.00', 3, 71, 119),
(1396, '2773.00', 4, 47, 21),
(1397, '2117.00', 4, 37, 35),
(1398, '2112.00', 1, 83, 153),
(1399, '2567.00', 4, 74, 29),
(1400, '2647.00', 2, 53, 107),
(1401, '2393.00', 1, 68, 59),
(1402, '2059.00', 5, 75, 50),
(1403, '2311.00', 5, 55, 36),
(1404, '2535.00', 8, 39, 53),
(1405, '2025.00', 1, 49, 132),
(1406, '2683.00', 7, 37, 134),
(1407, '2190.00', 4, 44, 58),
(1408, '2913.00', 6, 67, 2),
(1409, '2627.00', 3, 60, 33),
(1410, '2594.00', 4, 66, 68),
(1411, '2638.00', 3, 53, 103),
(1412, '2929.00', 7, 50, 21),
(1413, '2910.00', 9, 83, 12),
(1414, '2928.00', 5, 46, 10),
(1415, '2712.00', 7, 72, 82),
(1416, '2298.00', 4, 44, 46),
(1417, '2715.00', 6, 76, 111),
(1418, '2046.00', 10, 34, 129),
(1419, '2474.00', 5, 34, 28),
(1420, '2009.00', 2, 56, 50),
(1421, '2125.00', 4, 43, 110),
(1422, '2937.00', 2, 34, 89),
(1423, '2205.00', 8, 50, 2),
(1424, '2665.00', 9, 44, 26),
(1425, '2469.00', 10, 46, 147),
(1426, '2836.00', 7, 71, 85),
(1427, '2226.00', 5, 42, 12),
(1428, '2619.00', 10, 56, 42),
(1429, '2156.00', 8, 82, 98),
(1430, '2675.00', 7, 75, 28),
(1431, '2425.00', 5, 49, 69),
(1432, '2085.00', 10, 79, 37),
(1433, '2593.00', 9, 83, 143),
(1434, '2287.00', 4, 74, 56),
(1435, '2317.00', 6, 41, 33),
(1436, '2046.00', 9, 41, 59),
(1437, '2499.00', 6, 68, 152),
(1438, '2336.00', 8, 58, 118),
(1439, '2840.00', 9, 33, 24),
(1440, '2573.00', 3, 56, 53),
(1441, '2029.00', 2, 37, 98),
(1442, '2154.00', 3, 75, 155),
(1443, '2233.00', 4, 49, 3),
(1444, '2239.00', 9, 73, 31),
(1445, '2012.00', 3, 74, 110),
(1446, '2597.00', 4, 47, 134),
(1447, '2679.00', 7, 47, 22),
(1448, '2250.00', 5, 70, 147),
(1449, '2598.00', 6, 59, 96),
(1450, '2019.00', 6, 58, 126),
(1451, '2975.00', 4, 35, 124),
(1452, '2226.00', 2, 76, 77),
(1453, '2450.00', 6, 40, 34),
(1454, '2857.00', 4, 61, 130),
(1455, '2420.00', 6, 57, 21),
(1456, '2416.00', 3, 74, 99),
(1457, '2982.00', 3, 73, 150),
(1458, '2457.00', 5, 48, 4),
(1459, '2886.00', 1, 82, 79),
(1460, '2092.00', 4, 65, 151),
(1461, '2194.00', 4, 75, 92),
(1462, '2216.00', 10, 34, 81),
(1463, '2247.00', 3, 64, 37),
(1464, '2266.00', 4, 45, 133),
(1465, '2787.00', 2, 53, 54),
(1466, '2380.00', 3, 34, 52),
(1467, '2063.00', 9, 37, 43),
(1468, '2489.00', 4, 55, 11),
(1469, '2821.00', 5, 52, 68),
(1470, '2689.00', 8, 64, 33),
(1471, '2771.00', 2, 39, 22),
(1472, '2240.00', 4, 43, 128),
(1473, '2970.00', 4, 41, 75),
(1474, '2621.00', 10, 79, 90),
(1475, '2166.00', 3, 56, 151),
(1476, '2281.00', 10, 40, 4),
(1477, '2927.00', 4, 58, 20),
(1478, '2644.00', 3, 40, 4),
(1479, '2400.00', 10, 59, 103),
(1480, '2861.00', 1, 43, 75),
(1481, '2390.00', 3, 34, 7),
(1482, '2351.00', 3, 81, 117),
(1483, '2583.00', 3, 69, 12),
(1484, '2305.00', 5, 57, 52),
(1485, '2154.00', 5, 54, 133),
(1486, '2348.00', 4, 80, 88),
(1487, '2406.00', 10, 83, 44),
(1488, '2575.00', 4, 65, 111),
(1489, '2779.00', 5, 64, 1),
(1490, '2549.00', 3, 50, 37),
(1491, '2094.00', 1, 51, 86),
(1492, '2395.00', 6, 66, 108),
(1493, '2341.00', 2, 59, 145),
(1494, '2949.00', 3, 43, 124),
(1495, '2800.00', 3, 63, 119),
(1496, '2062.00', 3, 73, 123),
(1497, '2641.00', 6, 58, 51),
(1498, '2287.00', 2, 33, 29),
(1499, '2603.00', 9, 51, 106),
(1500, '2435.00', 7, 56, 55),
(1501, '2442.00', 2, 46, 64),
(1502, '2554.00', 3, 62, 98),
(1503, '2889.00', 9, 50, 2),
(1504, '2004.00', 6, 64, 145),
(1505, '2560.00', 3, 56, 79),
(1506, '2718.00', 6, 82, 42),
(1507, '2958.00', 4, 63, 4),
(1508, '2650.00', 7, 80, 11),
(1509, '2812.00', 4, 83, 107),
(1510, '2686.00', 3, 38, 54),
(1511, '2861.00', 9, 39, 68),
(1512, '2924.00', 5, 83, 95),
(1513, '2573.00', 7, 75, 140),
(1514, '2121.00', 4, 80, 80),
(1515, '2633.00', 3, 74, 90),
(1516, '2136.00', 8, 35, 107),
(1517, '2771.00', 4, 79, 106),
(1518, '2198.00', 2, 66, 40),
(1519, '2973.00', 5, 36, 153),
(1520, '2314.00', 9, 35, 2),
(1521, '2766.00', 1, 55, 150),
(1522, '2916.00', 3, 66, 43),
(1523, '2387.00', 7, 51, 139),
(1524, '2233.00', 9, 75, 120),
(1525, '2694.00', 9, 65, 9),
(1526, '2885.00', 3, 54, 91),
(1527, '2710.00', 6, 35, 132),
(1528, '2592.00', 2, 73, 138),
(1529, '2729.00', 10, 59, 78),
(1530, '2458.00', 2, 74, 110),
(1531, '2374.00', 9, 43, 28),
(1532, '2509.00', 8, 83, 24),
(1533, '2529.00', 6, 43, 135),
(1534, '2626.00', 2, 65, 42),
(1535, '2952.00', 5, 74, 17),
(1536, '2544.00', 2, 33, 36),
(1537, '2774.00', 8, 44, 134),
(1538, '2200.00', 6, 81, 33),
(1539, '2651.00', 7, 41, 98),
(1540, '2564.00', 8, 78, 124),
(1541, '2061.00', 5, 62, 45),
(1542, '2167.00', 3, 37, 153),
(1543, '2097.00', 4, 53, 95),
(1544, '2623.00', 2, 36, 155),
(1545, '2945.00', 5, 61, 114),
(1546, '2038.00', 2, 81, 106),
(1547, '2705.00', 4, 64, 91),
(1548, '2327.00', 4, 52, 108),
(1549, '2085.00', 5, 66, 1),
(1550, '2789.00', 9, 47, 14),
(1551, '2367.00', 2, 64, 110),
(1552, '2196.00', 10, 44, 144),
(1553, '2107.00', 7, 68, 49),
(1554, '2777.00', 2, 41, 147),
(1555, '2139.00', 9, 45, 44),
(1556, '2659.00', 1, 49, 60),
(1557, '2675.00', 2, 42, 96),
(1558, '2947.00', 8, 47, 124),
(1559, '2872.00', 5, 52, 97),
(1560, '2824.00', 7, 64, 49),
(1561, '2052.00', 10, 69, 63),
(1562, '2866.00', 3, 81, 76),
(1563, '2039.00', 8, 76, 10),
(1564, '2819.00', 10, 33, 47),
(1565, '2647.00', 4, 47, 85),
(1566, '2512.00', 6, 36, 123),
(1567, '2393.00', 6, 41, 18),
(1568, '2472.00', 10, 81, 72),
(1569, '2648.00', 7, 42, 53),
(1570, '2861.00', 6, 54, 84),
(1571, '2112.00', 5, 40, 107),
(1572, '2655.00', 7, 53, 82),
(1573, '2319.00', 9, 52, 49),
(1574, '2633.00', 2, 70, 59),
(1575, '2423.00', 3, 51, 38),
(1576, '2729.00', 1, 59, 125),
(1577, '2684.00', 8, 53, 75),
(1578, '2820.00', 4, 82, 123),
(1579, '2577.00', 4, 57, 100),
(1580, '2213.00', 8, 39, 79),
(1581, '2659.00', 9, 77, 67),
(1582, '2416.00', 2, 79, 148),
(1583, '2783.00', 7, 74, 107),
(1584, '2799.00', 9, 70, 67),
(1585, '2530.00', 10, 81, 65),
(1586, '2800.00', 4, 81, 38),
(1587, '2335.00', 7, 44, 62),
(1588, '2941.00', 2, 80, 63),
(1589, '2492.00', 2, 66, 116),
(1590, '2850.00', 8, 61, 150),
(1591, '2100.00', 8, 38, 61),
(1592, '2724.00', 6, 41, 106),
(1593, '2843.00', 6, 83, 80),
(1594, '2923.00', 2, 69, 126),
(1595, '2271.00', 7, 39, 46),
(1596, '2850.00', 5, 46, 23),
(1597, '2043.00', 5, 60, 13),
(1598, '2432.00', 4, 67, 144),
(1599, '2959.00', 1, 50, 7),
(1600, '2362.00', 9, 58, 59),
(1601, '2752.00', 7, 57, 154),
(1602, '2580.00', 4, 45, 68),
(1603, '2983.00', 4, 33, 146),
(1604, '2852.00', 1, 69, 3),
(1605, '2080.00', 9, 41, 35),
(1606, '2727.00', 7, 46, 51),
(1607, '2162.00', 9, 48, 105),
(1608, '2232.00', 6, 41, 45),
(1609, '2534.00', 8, 43, 8),
(1610, '2883.00', 8, 56, 6),
(1611, '2935.00', 8, 50, 87),
(1612, '2126.00', 10, 38, 106),
(1613, '2948.00', 7, 63, 99),
(1614, '2339.00', 5, 61, 88),
(1615, '2393.00', 8, 43, 46),
(1616, '2145.00', 7, 44, 15),
(1617, '2206.00', 2, 41, 106),
(1618, '2518.00', 2, 61, 16),
(1619, '2676.00', 8, 54, 26),
(1620, '2681.00', 5, 62, 87),
(1621, '2306.00', 6, 36, 34),
(1622, '2267.00', 2, 65, 64),
(1623, '2712.00', 6, 33, 152),
(1624, '2042.00', 2, 41, 69),
(1625, '2263.00', 3, 57, 130),
(1626, '2206.00', 7, 67, 9),
(1627, '2816.00', 4, 46, 116),
(1628, '2343.00', 3, 80, 65),
(1629, '2997.00', 3, 34, 121),
(1630, '2155.00', 4, 75, 74),
(1631, '2088.00', 6, 35, 32),
(1632, '2776.00', 1, 57, 22),
(1633, '2210.00', 4, 42, 82),
(1634, '2843.00', 5, 39, 139),
(1635, '2771.00', 6, 82, 52),
(1636, '2837.00', 6, 41, 127),
(1637, '2685.00', 9, 50, 26),
(1638, '2986.00', 4, 65, 39),
(1639, '2293.00', 4, 51, 154),
(1640, '2381.00', 5, 70, 9),
(1641, '2350.00', 7, 69, 152),
(1642, '2493.00', 7, 79, 107),
(1643, '2297.00', 8, 35, 72),
(1644, '2901.00', 9, 78, 4),
(1645, '2443.00', 8, 46, 86),
(1646, '2882.00', 9, 71, 132),
(1647, '2720.00', 2, 40, 116),
(1648, '2472.00', 6, 64, 5),
(1649, '2652.00', 7, 44, 34),
(1650, '2341.00', 7, 44, 130),
(1651, '2476.00', 4, 58, 56),
(1652, '2144.00', 8, 80, 26),
(1653, '2463.00', 1, 75, 64),
(1654, '2381.00', 1, 66, 67),
(1655, '2418.00', 10, 51, 31),
(1656, '2323.00', 7, 75, 117),
(1657, '2763.00', 8, 40, 114),
(1658, '2855.00', 7, 65, 133),
(1659, '2503.00', 7, 77, 91),
(1660, '2696.00', 9, 34, 139),
(1661, '2242.00', 3, 62, 50),
(1662, '2924.00', 8, 69, 61),
(1663, '2219.00', 3, 41, 134),
(1664, '2066.00', 1, 48, 117),
(1665, '2775.00', 6, 40, 127),
(1666, '2536.00', 3, 60, 86),
(1667, '2532.00', 6, 67, 21),
(1668, '2507.00', 5, 59, 38),
(1669, '2425.00', 6, 47, 125),
(1670, '2182.00', 5, 45, 67),
(1671, '2968.00', 2, 60, 138),
(1672, '2276.00', 7, 77, 108),
(1673, '2627.00', 1, 69, 39),
(1674, '2972.00', 2, 48, 95),
(1675, '2413.00', 6, 70, 124),
(1676, '2148.00', 4, 77, 93),
(1677, '2268.00', 10, 81, 77),
(1678, '2643.00', 7, 44, 58),
(1679, '2977.00', 3, 2, 138),
(1680, '2445.00', 1, 12, 133),
(1681, '2443.00', 4, 7, 99),
(1682, '2485.00', 8, 12, 151),
(1683, '2105.00', 10, 12, 100),
(1684, '2972.00', 4, 6, 66),
(1685, '2504.00', 3, 1, 77),
(1686, '2405.00', 6, 15, 125),
(1687, '2063.00', 5, 8, 97),
(1688, '2448.00', 4, 16, 120),
(1689, '2096.00', 10, 12, 93),
(1690, '2644.00', 2, 6, 4),
(1691, '2083.00', 8, 12, 24),
(1692, '2837.00', 1, 10, 154),
(1693, '2305.00', 5, 19, 14),
(1694, '2781.00', 7, 3, 66),
(1695, '2887.00', 5, 2, 108),
(1696, '2114.00', 6, 10, 85),
(1697, '2161.00', 3, 5, 96),
(1698, '2787.00', 6, 9, 62),
(1699, '2729.00', 4, 14, 45),
(1700, '2744.00', 8, 16, 2),
(1701, '2738.00', 8, 12, 16),
(1702, '2291.00', 4, 14, 144),
(1703, '2926.00', 1, 4, 152),
(1704, '2795.00', 4, 15, 149),
(1705, '2070.00', 2, 14, 122),
(1706, '2888.00', 6, 7, 46),
(1707, '2892.00', 7, 17, 43),
(1708, '2394.00', 7, 9, 15),
(1709, '2581.00', 8, 17, 144),
(1710, '2766.00', 3, 1, 49),
(1711, '2131.00', 8, 10, 114),
(1712, '2606.00', 2, 2, 91),
(1713, '2492.00', 6, 18, 102),
(1714, '2422.00', 5, 11, 102),
(1715, '2616.00', 3, 12, 8),
(1716, '2437.00', 10, 19, 144),
(1717, '2702.00', 2, 3, 74),
(1718, '2743.00', 9, 15, 44),
(1719, '2910.00', 2, 14, 62),
(1720, '2196.00', 8, 10, 94),
(1721, '2992.00', 4, 14, 96),
(1722, '2270.00', 10, 13, 128),
(1723, '2072.00', 9, 15, 15),
(1724, '2634.00', 1, 14, 63),
(1725, '2535.00', 2, 18, 140),
(1726, '2385.00', 1, 12, 79),
(1727, '2777.00', 1, 9, 90),
(1728, '2287.00', 9, 1, 142),
(1729, '2289.00', 1, 6, 86),
(1730, '2390.00', 9, 10, 107),
(1731, '2627.00', 2, 13, 21),
(1732, '2195.00', 2, 6, 97),
(1733, '2700.00', 6, 5, 35),
(1734, '2891.00', 4, 5, 94),
(1735, '2149.00', 1, 12, 110),
(1736, '2764.00', 3, 17, 131),
(1737, '2271.00', 7, 19, 38),
(1738, '2786.00', 9, 14, 25),
(1739, '2876.00', 2, 16, 48),
(1740, '2278.00', 7, 7, 60),
(1741, '2969.00', 1, 17, 19),
(1742, '2034.00', 3, 10, 69),
(1743, '2688.00', 7, 7, 98),
(1744, '2249.00', 8, 3, 67),
(1745, '2851.00', 3, 4, 117),
(1746, '2701.00', 3, 15, 113),
(1747, '2693.00', 9, 8, 109),
(1748, '2249.00', 6, 7, 99),
(1749, '2851.00', 5, 18, 63),
(1750, '2263.00', 8, 18, 3),
(1751, '2348.00', 9, 7, 68),
(1752, '2748.00', 9, 18, 24),
(1753, '2684.00', 2, 7, 57),
(1754, '2455.00', 10, 17, 121),
(1755, '2124.00', 9, 14, 111),
(1756, '2943.00', 3, 7, 68),
(1757, '2945.00', 4, 7, 133),
(1758, '2754.00', 8, 8, 64),
(1759, '2864.00', 10, 3, 84),
(1760, '2128.00', 6, 8, 73),
(1761, '2643.00', 3, 14, 106),
(1762, '2339.00', 2, 15, 13),
(1763, '2471.00', 10, 14, 44),
(1764, '2569.00', 8, 4, 4),
(1765, '2653.00', 10, 11, 130),
(1766, '2492.00', 7, 7, 11),
(1767, '2216.00', 3, 5, 2),
(1768, '2801.00', 4, 12, 74),
(1769, '2890.00', 9, 7, 102),
(1770, '2197.00', 6, 18, 31),
(1771, '2519.00', 10, 15, 63),
(1772, '2805.00', 10, 3, 127),
(1773, '2795.00', 1, 7, 65),
(1774, '2373.00', 9, 3, 5),
(1775, '2777.00', 2, 12, 31),
(1776, '2387.00', 3, 8, 59),
(1777, '2575.00', 5, 17, 6),
(1778, '2642.00', 7, 14, 89),
(1779, '2406.00', 4, 9, 7),
(1780, '2816.00', 1, 12, 64),
(1781, '2580.00', 6, 5, 34),
(1782, '2448.00', 7, 18, 45),
(1783, '2228.00', 1, 16, 71),
(1784, '2284.00', 7, 19, 94),
(1785, '2440.00', 2, 2, 50),
(1786, '2458.00', 1, 2, 138),
(1787, '2324.00', 6, 13, 135),
(1788, '2433.00', 4, 5, 152),
(1789, '2332.00', 3, 6, 125),
(1790, '2128.00', 6, 14, 91),
(1791, '2526.00', 8, 5, 92),
(1792, '2049.00', 1, 5, 138),
(1793, '2997.00', 7, 5, 5),
(1794, '2544.00', 10, 11, 23),
(1795, '2626.00', 1, 5, 130),
(1796, '2148.00', 8, 1, 140),
(1797, '2338.00', 5, 13, 14),
(1798, '2206.00', 8, 13, 26),
(1799, '2328.00', 10, 7, 122),
(1800, '2980.00', 6, 3, 75),
(1801, '2495.00', 2, 11, 122),
(1802, '2458.00', 2, 11, 120),
(1803, '2101.00', 4, 3, 16),
(1804, '2114.00', 9, 4, 127),
(1805, '2676.00', 7, 17, 113),
(1806, '2307.00', 2, 13, 60),
(1807, '2546.00', 7, 5, 126);
INSERT INTO `order_items` (`id`, `price`, `cnt`, `id_goods`, `id_order`) VALUES
(1808, '2846.00', 7, 10, 127),
(1809, '2903.00', 2, 11, 121),
(1810, '2676.00', 8, 5, 82),
(1811, '2970.00', 5, 7, 90),
(1812, '2668.00', 5, 14, 84),
(1813, '2238.00', 5, 5, 37),
(1814, '2755.00', 7, 7, 72),
(1815, '2359.00', 9, 3, 102),
(1816, '2835.00', 4, 10, 77),
(1817, '2614.00', 8, 4, 100),
(1818, '2700.00', 4, 9, 51),
(1819, '2677.00', 9, 5, 100),
(1820, '2080.00', 6, 1, 149),
(1821, '2438.00', 3, 10, 155),
(1822, '2869.00', 1, 52, 133),
(1823, '2928.00', 6, 62, 63),
(1824, '2871.00', 1, 61, 107),
(1825, '2207.00', 4, 35, 24),
(1826, '2419.00', 2, 55, 32),
(1827, '2558.00', 1, 58, 18),
(1828, '2098.00', 1, 78, 119),
(1829, '2171.00', 8, 54, 148),
(1830, '2542.00', 3, 47, 137),
(1831, '2836.00', 1, 50, 24),
(1832, '2961.00', 10, 65, 72),
(1833, '2412.00', 6, 34, 7),
(1834, '2261.00', 1, 51, 155),
(1835, '2010.00', 8, 79, 81),
(1836, '2047.00', 4, 68, 107),
(1837, '2507.00', 6, 83, 142),
(1838, '2900.00', 9, 52, 63),
(1839, '2169.00', 4, 55, 33),
(1840, '2273.00', 9, 64, 5),
(1841, '2063.00', 9, 56, 141),
(1842, '2168.00', 3, 75, 10),
(1843, '2647.00', 3, 78, 126),
(1844, '2954.00', 2, 73, 119),
(1845, '2152.00', 10, 83, 48),
(1846, '2388.00', 4, 48, 120),
(1847, '2360.00', 9, 53, 57),
(1848, '2756.00', 7, 37, 71),
(1849, '2020.00', 7, 59, 70),
(1850, '2553.00', 6, 67, 40),
(1851, '2745.00', 10, 71, 29),
(1852, '2057.00', 2, 38, 28),
(1853, '2626.00', 9, 57, 54),
(1854, '2599.00', 9, 34, 75),
(1855, '2212.00', 10, 61, 1),
(1856, '2633.00', 10, 61, 52),
(1857, '2645.00', 7, 58, 145),
(1858, '2691.00', 6, 77, 61),
(1859, '2789.00', 8, 67, 90),
(1860, '2578.00', 1, 48, 155),
(1861, '2094.00', 9, 41, 145),
(1862, '2425.00', 5, 61, 154),
(1863, '2625.00', 7, 42, 97),
(1864, '2519.00', 1, 56, 91),
(1865, '2988.00', 4, 50, 69),
(1866, '2924.00', 7, 50, 5),
(1867, '2923.00', 6, 81, 99),
(1868, '2464.00', 3, 55, 28),
(1869, '2000.00', 8, 41, 6),
(1870, '2521.00', 9, 49, 75),
(1871, '2486.00', 5, 79, 16),
(1872, '2854.00', 10, 53, 100),
(1873, '2723.00', 3, 83, 117),
(1874, '2599.00', 3, 83, 135),
(1875, '2593.00', 2, 67, 131),
(1876, '2103.00', 3, 78, 83),
(1877, '2987.00', 9, 75, 81),
(1878, '2491.00', 10, 49, 42),
(1879, '2672.00', 7, 74, 44),
(1880, '2807.00', 6, 37, 23),
(1881, '2096.00', 4, 56, 12),
(1882, '2439.00', 8, 40, 118),
(1883, '2816.00', 4, 58, 13),
(1884, '2401.00', 9, 46, 101),
(1885, '2930.00', 9, 34, 69),
(1886, '2399.00', 5, 59, 77),
(1887, '2950.00', 4, 82, 60),
(1888, '2601.00', 6, 71, 122),
(1889, '2323.00', 5, 44, 133),
(1890, '2822.00', 6, 83, 50),
(1891, '2655.00', 4, 45, 3),
(1892, '2681.00', 4, 40, 50),
(1893, '2002.00', 3, 37, 56),
(1894, '2551.00', 3, 40, 132),
(1895, '2857.00', 3, 53, 111),
(1896, '2347.00', 2, 58, 50),
(1897, '2155.00', 8, 73, 88),
(1898, '2380.00', 1, 46, 144),
(1899, '2608.00', 2, 64, 38),
(1900, '2791.00', 4, 70, 96),
(1901, '2990.00', 10, 50, 26),
(1902, '2650.00', 4, 58, 95),
(1903, '2174.00', 9, 64, 61),
(1904, '2301.00', 5, 72, 115),
(1905, '2827.00', 3, 65, 112),
(1906, '2718.00', 7, 51, 144),
(1907, '2870.00', 10, 37, 61),
(1908, '2840.00', 3, 82, 115),
(1909, '2764.00', 9, 61, 76),
(1910, '2320.00', 4, 39, 36),
(1911, '2929.00', 1, 79, 89),
(1912, '2636.00', 8, 71, 136),
(1913, '2976.00', 2, 71, 129),
(1914, '2313.00', 8, 61, 2),
(1915, '2526.00', 3, 59, 65),
(1916, '2452.00', 10, 39, 83),
(1917, '2482.00', 2, 65, 142),
(1918, '2999.00', 10, 51, 45),
(1919, '2656.00', 5, 63, 2),
(1920, '2198.00', 10, 36, 106),
(1921, '2490.00', 1, 71, 5),
(1922, '2497.00', 3, 63, 47),
(1923, '2608.00', 6, 53, 14),
(1924, '2996.00', 6, 68, 79),
(1925, '2442.00', 2, 39, 137),
(1926, '2580.00', 8, 56, 96),
(1927, '2532.00', 5, 46, 121),
(1928, '2855.00', 7, 48, 131),
(1929, '2339.00', 9, 75, 27),
(1930, '2443.00', 7, 56, 39),
(1931, '2271.00', 10, 39, 53),
(1932, '2433.00', 3, 65, 13),
(1933, '2034.00', 4, 69, 5),
(1934, '2252.00', 2, 58, 45),
(1935, '2827.00', 3, 63, 122),
(1936, '2525.00', 4, 60, 72),
(1937, '2068.00', 7, 74, 80),
(1938, '2612.00', 1, 62, 139),
(1939, '2130.00', 1, 70, 116),
(1940, '2147.00', 10, 80, 127),
(1941, '2138.00', 9, 58, 154),
(1942, '2770.00', 2, 65, 82),
(1943, '2689.00', 8, 47, 29),
(1944, '2956.00', 4, 77, 70),
(1945, '2640.00', 3, 71, 141),
(1946, '2592.00', 8, 42, 30),
(1947, '2235.00', 10, 44, 113),
(1948, '2972.00', 3, 41, 136),
(1949, '2597.00', 10, 60, 9),
(1950, '2432.00', 3, 40, 40),
(1951, '2468.00', 1, 61, 63),
(1952, '2855.00', 6, 53, 62),
(1953, '2006.00', 1, 60, 1),
(1954, '2608.00', 8, 56, 97),
(1955, '2071.00', 6, 38, 101),
(1956, '2123.00', 6, 42, 38),
(1957, '2720.00', 2, 79, 10),
(1958, '2450.00', 6, 38, 75),
(1959, '2241.00', 1, 48, 75),
(1960, '2967.00', 2, 61, 36),
(1961, '2017.00', 7, 54, 92),
(1962, '2715.00', 7, 68, 151),
(1963, '2773.00', 6, 81, 61),
(1964, '2945.00', 5, 59, 40),
(1965, '2955.00', 8, 81, 77),
(1966, '2879.00', 8, 66, 74),
(1967, '2985.00', 3, 61, 72),
(1968, '2433.00', 4, 45, 103),
(1969, '2588.00', 10, 38, 115),
(1970, '2785.00', 9, 59, 10),
(1971, '2230.00', 2, 44, 151),
(1972, '2271.00', 9, 47, 9),
(1973, '2126.00', 8, 78, 116),
(1974, '2717.00', 9, 62, 83),
(1975, '2806.00', 4, 69, 12),
(1976, '2940.00', 6, 60, 77),
(1977, '2872.00', 2, 72, 16),
(1978, '2672.00', 10, 40, 124),
(1979, '2754.00', 5, 48, 35),
(1980, '2505.00', 10, 64, 85),
(1981, '2467.00', 4, 66, 61),
(1982, '2365.00', 2, 38, 34),
(1983, '2017.00', 9, 58, 120),
(1984, '2635.00', 7, 46, 44),
(1985, '2715.00', 5, 58, 112),
(1986, '2020.00', 7, 68, 40),
(1987, '2570.00', 5, 44, 109),
(1988, '2707.00', 10, 39, 137),
(1989, '2274.00', 2, 48, 122),
(1990, '2704.00', 8, 82, 66),
(1991, '2464.00', 1, 41, 17),
(1992, '2379.00', 4, 83, 1),
(1993, '2559.00', 3, 82, 129),
(1994, '2695.00', 3, 34, 21),
(1995, '2661.00', 9, 34, 24),
(1996, '2579.00', 9, 80, 22),
(1997, '2595.00', 8, 76, 57),
(1998, '2004.00', 3, 69, 82),
(1999, '2630.00', 3, 66, 76),
(2000, '2827.00', 3, 57, 114),
(2001, '2101.00', 1, 54, 59),
(2002, '2289.00', 5, 74, 19),
(2003, '2490.00', 3, 35, 108),
(2004, '2474.00', 3, 70, 69),
(2005, '2458.00', 8, 68, 13),
(2006, '2492.00', 8, 73, 84),
(2007, '2923.00', 7, 77, 34),
(2008, '2540.00', 8, 76, 76),
(2009, '2863.00', 6, 81, 147),
(2010, '2300.00', 10, 69, 123),
(2011, '2931.00', 10, 57, 83),
(2012, '2140.00', 2, 78, 23),
(2013, '2494.00', 3, 40, 132),
(2014, '2655.00', 7, 73, 56),
(2015, '2534.00', 2, 42, 118),
(2016, '2206.00', 1, 59, 40),
(2017, '2084.00', 9, 42, 107),
(2018, '2783.00', 3, 38, 122),
(2019, '2043.00', 8, 72, 128),
(2020, '2972.00', 4, 82, 77),
(2021, '2300.00', 10, 54, 30),
(2022, '2446.00', 2, 46, 26),
(2023, '2109.00', 8, 50, 2),
(2024, '2727.00', 9, 33, 105),
(2025, '2667.00', 9, 79, 60),
(2026, '2166.00', 2, 55, 33),
(2027, '2300.00', 1, 73, 104),
(2028, '2039.00', 5, 60, 114),
(2029, '2725.00', 7, 34, 13),
(2030, '2177.00', 8, 52, 155),
(2031, '2115.00', 8, 75, 65),
(2032, '2278.00', 5, 54, 65),
(2033, '2949.00', 6, 83, 55),
(2034, '2581.00', 1, 75, 108),
(2035, '2701.00', 8, 44, 39),
(2036, '2016.00', 7, 42, 135),
(2037, '2715.00', 5, 73, 104),
(2038, '2063.00', 2, 81, 143),
(2039, '2730.00', 5, 42, 100),
(2040, '2378.00', 5, 47, 152),
(2041, '2663.00', 1, 64, 30),
(2042, '2119.00', 6, 67, 90),
(2043, '2147.00', 3, 36, 44),
(2044, '2177.00', 1, 36, 127),
(2045, '2745.00', 6, 37, 121),
(2046, '2436.00', 6, 75, 37),
(2047, '2340.00', 10, 41, 118),
(2048, '2833.00', 6, 82, 86),
(2049, '2039.00', 9, 60, 33),
(2050, '2042.00', 2, 42, 101),
(2051, '2134.00', 9, 70, 81),
(2052, '2413.00', 7, 51, 36),
(2053, '2504.00', 3, 58, 150),
(2054, '2105.00', 3, 52, 120),
(2055, '2703.00', 10, 59, 36),
(2056, '2513.00', 7, 33, 67),
(2057, '2864.00', 7, 68, 146),
(2058, '2349.00', 8, 74, 81),
(2059, '2223.00', 7, 55, 143),
(2060, '2466.00', 8, 51, 138),
(2061, '2243.00', 1, 40, 17),
(2062, '2819.00', 4, 43, 135),
(2063, '2043.00', 7, 63, 134),
(2064, '2233.00', 10, 79, 10),
(2065, '2100.00', 6, 78, 103),
(2066, '2245.00', 9, 50, 130),
(2067, '2129.00', 1, 38, 10),
(2068, '2049.00', 1, 62, 55),
(2069, '2409.00', 2, 41, 67),
(2070, '2874.00', 2, 45, 11),
(2071, '2409.00', 8, 46, 25),
(2072, '2726.00', 8, 79, 80),
(2073, '2164.00', 7, 43, 93),
(2074, '2872.00', 10, 42, 74),
(2075, '2861.00', 10, 45, 140),
(2076, '2313.00', 6, 39, 128),
(2077, '2018.00', 3, 67, 8),
(2078, '2459.00', 7, 83, 64),
(2079, '2445.00', 3, 62, 77),
(2080, '2620.00', 9, 42, 110),
(2081, '2962.00', 5, 56, 99),
(2082, '2415.00', 3, 33, 52),
(2083, '2314.00', 7, 54, 86),
(2084, '2748.00', 8, 80, 20),
(2085, '2970.00', 1, 55, 10),
(2086, '2166.00', 8, 71, 46),
(2087, '2749.00', 10, 51, 133),
(2088, '2997.00', 7, 82, 103),
(2089, '2320.00', 1, 36, 121),
(2090, '2725.00', 5, 82, 71),
(2091, '2616.00', 5, 49, 59),
(2092, '2309.00', 10, 79, 111),
(2093, '2219.00', 4, 45, 135),
(2094, '2412.00', 2, 36, 106),
(2095, '2325.00', 1, 54, 16),
(2096, '2114.00', 7, 35, 119),
(2097, '2103.00', 9, 43, 28),
(2098, '2260.00', 8, 67, 80),
(2099, '2367.00', 3, 76, 61),
(2100, '2769.00', 1, 73, 98),
(2101, '2842.00', 4, 65, 45),
(2102, '2615.00', 9, 67, 123),
(2103, '2326.00', 3, 63, 142),
(2104, '2565.00', 6, 81, 100),
(2105, '2247.00', 9, 38, 10),
(2106, '2755.00', 8, 55, 119),
(2107, '2741.00', 8, 73, 126),
(2108, '2909.00', 1, 82, 81),
(2109, '2098.00', 4, 72, 78),
(2110, '2947.00', 4, 49, 49),
(2111, '2837.00', 7, 66, 149),
(2112, '2537.00', 4, 40, 65),
(2113, '2757.00', 10, 48, 83),
(2114, '2273.00', 1, 33, 74),
(2115, '2955.00', 2, 57, 82),
(2116, '2497.00', 9, 63, 32),
(2117, '2141.00', 5, 72, 105),
(2118, '2147.00', 8, 66, 118),
(2119, '2070.00', 8, 72, 72),
(2120, '2516.00', 10, 48, 100),
(2121, '2957.00', 2, 56, 91),
(2122, '2472.00', 3, 74, 17),
(2123, '2077.00', 9, 50, 71),
(2124, '2916.00', 6, 36, 55),
(2125, '2714.00', 4, 66, 58),
(2126, '2887.00', 5, 73, 40),
(2127, '2286.00', 6, 46, 43),
(2128, '2877.00', 4, 61, 55),
(2129, '2032.00', 8, 47, 137),
(2130, '2231.00', 3, 69, 92),
(2131, '2045.00', 3, 51, 73),
(2132, '2426.00', 5, 50, 48),
(2133, '2059.00', 2, 48, 91),
(2134, '2381.00', 3, 43, 13),
(2135, '2066.00', 5, 42, 8),
(2136, '2920.00', 1, 52, 88),
(2137, '2179.00', 5, 67, 57),
(2138, '2152.00', 8, 62, 94),
(2139, '2729.00', 2, 61, 116),
(2140, '2365.00', 7, 47, 1),
(2141, '2035.00', 1, 63, 115),
(2142, '2979.00', 7, 45, 77),
(2143, '2739.00', 2, 80, 6),
(2144, '2460.00', 8, 53, 52),
(2145, '2761.00', 6, 50, 89),
(2146, '2158.00', 5, 61, 27),
(2147, '2471.00', 7, 60, 81),
(2148, '2642.00', 6, 58, 82),
(2149, '2826.00', 6, 57, 15),
(2150, '2632.00', 2, 80, 3),
(2151, '2420.00', 6, 48, 73),
(2152, '2979.00', 1, 65, 22),
(2153, '2857.00', 2, 69, 10),
(2154, '2131.00', 3, 68, 109),
(2155, '2992.00', 5, 64, 21),
(2156, '2588.00', 2, 37, 92),
(2157, '2963.00', 7, 52, 141),
(2158, '2232.00', 6, 47, 100),
(2159, '2722.00', 6, 61, 125),
(2160, '2678.00', 2, 71, 9),
(2161, '2261.00', 3, 33, 27),
(2162, '2915.00', 4, 72, 4),
(2163, '2453.00', 4, 45, 123),
(2164, '2856.00', 3, 45, 75),
(2165, '2981.00', 1, 68, 152),
(2166, '2607.00', 2, 50, 69),
(2167, '2671.00', 9, 81, 128),
(2168, '2276.00', 5, 50, 121),
(2169, '2249.00', 9, 76, 150),
(2170, '2985.00', 6, 50, 55),
(2171, '2113.00', 2, 48, 7),
(2172, '2421.00', 2, 66, 26),
(2173, '2884.00', 2, 69, 91),
(2174, '2038.00', 5, 57, 123),
(2175, '2423.00', 7, 77, 24),
(2176, '2896.00', 7, 73, 61),
(2177, '2725.00', 3, 45, 104),
(2178, '2081.00', 8, 53, 79),
(2179, '2407.00', 8, 61, 154),
(2180, '2488.00', 2, 38, 140),
(2181, '2841.00', 6, 41, 38),
(2182, '2308.00', 4, 48, 99),
(2183, '2345.00', 4, 51, 151),
(2184, '2518.00', 6, 42, 49),
(2185, '2077.00', 10, 77, 46),
(2186, '2422.00', 7, 35, 109),
(2187, '2603.00', 1, 43, 24),
(2188, '2839.00', 9, 33, 90),
(2189, '2012.00', 1, 54, 93),
(2190, '2895.00', 2, 33, 145),
(2191, '2788.00', 3, 56, 33),
(2192, '2881.00', 8, 43, 129),
(2193, '2577.00', 8, 74, 141),
(2194, '2919.00', 7, 64, 106),
(2195, '2465.00', 8, 59, 102),
(2196, '2968.00', 1, 69, 14),
(2197, '2311.00', 4, 54, 74),
(2198, '2967.00', 8, 59, 31),
(2199, '2587.00', 2, 81, 1),
(2200, '2359.00', 8, 44, 70),
(2201, '2530.00', 1, 58, 110),
(2202, '2475.00', 9, 80, 55),
(2203, '2131.00', 10, 48, 93),
(2204, '2312.00', 7, 44, 4),
(2205, '2216.00', 2, 34, 25),
(2206, '2065.00', 5, 41, 18),
(2207, '2699.00', 5, 70, 37),
(2208, '2660.00', 8, 72, 10),
(2209, '2763.00', 1, 83, 46),
(2210, '2298.00', 8, 79, 30),
(2211, '2478.00', 8, 51, 124),
(2212, '2583.00', 8, 45, 115),
(2213, '2210.00', 10, 63, 90),
(2214, '2986.00', 8, 51, 112),
(2215, '2233.00', 5, 68, 107),
(2216, '2141.00', 6, 53, 42),
(2217, '2426.00', 6, 61, 102),
(2218, '2824.00', 4, 45, 131),
(2219, '2147.00', 7, 74, 122),
(2220, '2370.00', 5, 63, 56),
(2221, '2375.00', 5, 42, 127),
(2222, '2029.00', 4, 34, 142),
(2223, '2682.00', 4, 48, 128),
(2224, '2542.00', 3, 39, 17),
(2225, '2790.00', 7, 48, 43),
(2226, '2686.00', 1, 39, 46),
(2227, '2955.00', 7, 51, 1),
(2228, '2515.00', 10, 70, 76),
(2229, '2267.00', 4, 53, 122),
(2230, '2209.00', 9, 58, 145),
(2231, '2559.00', 10, 72, 134),
(2232, '2247.00', 1, 50, 86),
(2233, '2070.00', 8, 55, 116),
(2234, '2493.00', 8, 52, 134),
(2235, '2196.00', 3, 46, 135),
(2236, '2464.00', 4, 39, 90),
(2237, '2243.00', 7, 60, 81),
(2238, '2824.00', 7, 45, 117),
(2239, '2769.00', 8, 54, 88),
(2240, '2349.00', 7, 63, 6),
(2241, '2124.00', 4, 35, 57),
(2242, '2137.00', 7, 62, 75),
(2243, '2611.00', 9, 39, 33),
(2244, '2774.00', 1, 60, 34),
(2245, '2725.00', 3, 73, 9),
(2246, '2025.00', 4, 57, 33),
(2247, '2902.00', 8, 69, 153),
(2248, '2552.00', 10, 34, 146),
(2249, '2948.00', 8, 42, 142),
(2250, '2686.00', 7, 38, 22),
(2251, '2724.00', 1, 67, 89),
(2252, '2320.00', 5, 82, 70),
(2253, '2957.00', 7, 71, 146),
(2254, '2748.00', 5, 39, 124),
(2255, '2649.00', 6, 70, 24),
(2256, '2128.00', 9, 38, 64),
(2257, '2383.00', 5, 57, 140),
(2258, '2735.00', 1, 44, 47),
(2259, '2881.00', 7, 52, 57),
(2260, '2340.00', 4, 44, 124),
(2261, '2558.00', 1, 75, 10),
(2262, '2954.00', 2, 41, 49),
(2263, '2146.00', 10, 36, 65),
(2264, '2764.00', 9, 68, 145),
(2265, '2437.00', 8, 48, 141),
(2266, '2084.00', 4, 35, 114),
(2267, '2138.00', 7, 60, 70),
(2268, '2796.00', 3, 58, 116),
(2269, '2475.00', 2, 59, 82),
(2270, '2416.00', 2, 41, 101),
(2271, '2580.00', 3, 34, 58),
(2272, '2726.00', 8, 40, 81),
(2273, '2556.00', 2, 57, 64),
(2274, '2560.00', 4, 34, 155),
(2275, '2693.00', 6, 42, 55),
(2276, '2593.00', 8, 76, 64),
(2277, '2936.00', 6, 63, 128),
(2278, '2152.00', 2, 80, 125),
(2279, '2196.00', 2, 64, 77),
(2280, '2835.00', 10, 81, 93),
(2281, '2495.00', 10, 57, 35),
(2282, '2636.00', 5, 41, 28),
(2283, '2281.00', 6, 74, 44),
(2284, '2089.00', 4, 81, 55),
(2285, '2136.00', 5, 33, 70),
(2286, '2972.00', 8, 42, 134),
(2287, '2440.00', 9, 47, 131),
(2288, '2098.00', 2, 66, 65),
(2289, '2081.00', 6, 50, 11),
(2290, '2241.00', 6, 42, 88),
(2291, '2972.00', 5, 72, 16),
(2292, '2398.00', 9, 49, 6),
(2293, '2950.00', 1, 74, 36),
(2294, '2024.00', 6, 64, 57),
(2295, '2040.00', 9, 58, 111),
(2296, '2831.00', 7, 63, 136),
(2297, '2823.00', 7, 79, 78),
(2298, '2731.00', 8, 33, 104),
(2299, '2852.00', 6, 74, 2),
(2300, '2187.00', 9, 54, 1),
(2301, '2480.00', 8, 37, 97),
(2302, '2858.00', 2, 42, 106),
(2303, '2670.00', 1, 64, 19),
(2304, '2318.00', 8, 57, 36),
(2305, '2500.00', 8, 75, 5),
(2306, '2382.00', 4, 52, 32),
(2307, '2238.00', 4, 51, 35),
(2308, '2932.00', 5, 55, 73),
(2309, '2914.00', 1, 43, 81),
(2310, '2168.00', 10, 45, 149),
(2311, '2488.00', 9, 46, 68),
(2312, '2727.00', 8, 46, 32),
(2313, '2741.00', 8, 60, 109),
(2314, '2579.00', 9, 40, 103),
(2315, '2784.00', 9, 71, 26),
(2316, '2923.00', 2, 62, 37),
(2317, '2941.00', 7, 38, 6),
(2318, '2673.00', 3, 77, 147),
(2319, '2975.00', 7, 59, 8),
(2320, '2822.00', 7, 47, 30),
(2321, '2859.00', 5, 54, 28),
(2322, '2643.00', 2, 60, 42),
(2323, '2731.00', 5, 52, 60),
(2324, '2758.00', 7, 76, 116),
(2325, '2458.00', 3, 46, 56),
(2326, '2751.00', 10, 74, 133),
(2327, '2782.00', 8, 63, 47),
(2328, '2829.00', 10, 72, 116),
(2329, '2160.00', 1, 53, 142),
(2330, '2378.00', 3, 80, 11),
(2331, '2686.00', 3, 67, 51),
(2332, '2039.00', 2, 76, 45),
(2333, '2505.00', 8, 43, 88),
(2334, '2565.00', 2, 42, 147),
(2335, '2671.00', 10, 33, 76),
(2336, '2259.00', 4, 63, 136),
(2337, '2966.00', 2, 66, 14),
(2338, '2043.00', 7, 42, 149),
(2339, '2498.00', 9, 81, 10),
(2340, '2547.00', 2, 54, 67),
(2341, '2017.00', 8, 49, 63),
(2342, '2718.00', 1, 46, 47),
(2343, '2998.00', 7, 34, 14),
(2344, '2123.00', 6, 50, 59),
(2345, '2427.00', 1, 71, 130),
(2346, '2917.00', 1, 72, 98),
(2347, '2135.00', 5, 40, 89),
(2348, '2223.00', 9, 73, 16),
(2349, '2320.00', 1, 9, 121),
(2350, '2485.00', 8, 8, 23),
(2351, '2094.00', 3, 5, 97),
(2352, '2338.00', 2, 8, 129),
(2353, '2382.00', 10, 2, 13),
(2354, '2103.00', 10, 14, 124),
(2355, '2837.00', 8, 7, 54),
(2356, '2718.00', 2, 9, 73),
(2357, '2524.00', 2, 3, 17),
(2358, '2477.00', 9, 13, 66),
(2359, '2447.00', 6, 4, 27),
(2360, '2176.00', 1, 6, 20),
(2361, '2272.00', 10, 4, 78),
(2362, '2575.00', 10, 2, 86),
(2363, '2699.00', 4, 5, 91),
(2364, '2654.00', 5, 1, 90),
(2365, '2363.00', 9, 7, 92),
(2366, '2011.00', 6, 16, 57),
(2367, '2037.00', 4, 18, 26),
(2368, '2854.00', 7, 9, 110),
(2369, '2984.00', 1, 16, 109),
(2370, '2038.00', 10, 3, 14),
(2371, '2839.00', 10, 1, 117),
(2372, '2387.00', 9, 17, 77),
(2373, '2572.00', 3, 8, 65),
(2374, '2121.00', 10, 8, 66),
(2375, '2065.00', 3, 3, 3),
(2376, '2943.00', 1, 12, 113),
(2377, '2681.00', 6, 19, 60),
(2378, '2265.00', 4, 6, 54),
(2379, '2404.00', 4, 1, 17),
(2380, '2377.00', 1, 19, 92),
(2381, '2717.00', 4, 18, 12),
(2382, '2339.00', 1, 14, 47),
(2383, '2974.00', 2, 8, 126),
(2384, '2679.00', 4, 11, 34),
(2385, '2678.00', 5, 5, 30),
(2386, '2809.00', 8, 9, 91),
(2387, '2394.00', 1, 6, 34),
(2388, '2370.00', 10, 12, 19),
(2389, '2298.00', 8, 5, 12),
(2390, '2540.00', 2, 18, 83),
(2391, '2293.00', 2, 12, 22),
(2392, '2326.00', 7, 8, 24),
(2393, '2716.00', 1, 18, 72),
(2394, '2247.00', 9, 4, 134),
(2395, '2904.00', 3, 9, 100),
(2396, '2524.00', 2, 9, 59),
(2397, '2311.00', 1, 18, 58),
(2398, '2978.00', 1, 11, 121),
(2399, '2401.00', 9, 13, 112),
(2400, '2979.00', 10, 6, 39),
(2401, '2429.00', 1, 19, 133),
(2402, '2376.00', 4, 6, 89),
(2403, '2931.00', 8, 17, 32),
(2404, '2637.00', 4, 4, 63),
(2405, '2238.00', 9, 6, 5),
(2406, '2076.00', 6, 19, 11),
(2407, '2943.00', 2, 2, 125),
(2408, '2241.00', 1, 17, 22),
(2409, '2717.00', 7, 16, 75),
(2410, '2595.00', 8, 6, 84),
(2411, '2763.00', 4, 10, 133),
(2412, '2318.00', 5, 9, 30),
(2413, '2684.00', 3, 19, 70),
(2414, '2759.00', 10, 1, 27),
(2415, '2505.00', 1, 18, 45),
(2416, '2520.00', 10, 17, 125),
(2417, '2257.00', 7, 17, 68),
(2418, '2494.00', 6, 4, 143),
(2419, '2109.00', 10, 6, 75),
(2420, '2606.00', 2, 9, 60),
(2421, '2094.00', 7, 6, 96),
(2422, '2629.00', 5, 13, 77),
(2423, '2429.00', 7, 4, 140),
(2424, '2331.00', 1, 3, 57),
(2425, '2539.00', 6, 4, 33),
(2426, '2316.00', 1, 6, 93),
(2427, '2200.00', 9, 2, 128),
(2428, '2327.00', 5, 10, 2),
(2429, '2430.00', 7, 3, 141),
(2430, '2123.00', 2, 8, 126),
(2431, '2763.00', 4, 11, 8),
(2432, '2313.00', 10, 11, 105),
(2433, '2210.00', 2, 10, 3),
(2434, '2484.00', 2, 3, 52),
(2435, '2192.00', 9, 2, 61),
(2436, '2736.00', 10, 6, 133),
(2437, '2105.00', 2, 19, 117),
(2438, '2628.00', 10, 9, 16),
(2439, '2486.00', 6, 6, 47),
(2440, '2905.00', 10, 13, 82),
(2441, '2307.00', 8, 7, 135),
(2442, '2553.00', 6, 17, 26),
(2443, '2609.00', 10, 12, 47),
(2444, '2043.00', 9, 14, 60),
(2445, '2295.00', 4, 6, 68),
(2446, '2385.00', 4, 8, 110),
(2447, '2911.00', 7, 11, 99),
(2448, '2848.00', 9, 2, 74),
(2449, '2433.00', 7, 7, 70),
(2450, '2198.00', 6, 15, 61),
(2451, '2720.00', 8, 6, 153),
(2452, '2371.00', 6, 1, 148),
(2453, '2028.00', 6, 17, 147),
(2454, '2219.00', 4, 9, 37),
(2455, '2147.00', 8, 17, 9),
(2456, '2143.00', 3, 14, 22),
(2457, '2946.00', 4, 15, 18),
(2458, '2325.00', 4, 11, 67),
(2459, '2767.00', 7, 8, 87),
(2460, '2620.00', 9, 18, 17),
(2461, '2124.00', 4, 16, 152),
(2462, '2767.00', 8, 14, 129),
(2463, '2430.00', 3, 8, 141),
(2464, '2603.00', 7, 58, 79),
(2465, '2313.00', 3, 73, 128),
(2466, '2073.00', 4, 44, 117),
(2467, '2000.00', 8, 59, 27),
(2468, '2900.00', 4, 83, 118),
(2469, '2936.00', 8, 46, 103),
(2470, '2463.00', 3, 49, 22),
(2471, '2689.00', 1, 77, 131),
(2472, '2189.00', 10, 64, 139),
(2473, '2123.00', 2, 59, 144),
(2474, '2290.00', 6, 57, 12),
(2475, '2570.00', 3, 78, 23),
(2476, '2177.00', 1, 40, 79),
(2477, '2167.00', 7, 62, 125),
(2478, '2635.00', 4, 72, 95),
(2479, '2844.00', 1, 58, 62),
(2480, '2496.00', 9, 54, 22),
(2481, '2220.00', 2, 79, 123),
(2482, '2188.00', 5, 77, 44),
(2483, '2470.00', 7, 35, 131),
(2484, '2790.00', 2, 77, 59),
(2485, '2735.00', 4, 35, 57),
(2486, '2191.00', 3, 76, 84),
(2487, '2138.00', 5, 61, 95),
(2488, '2093.00', 1, 42, 47),
(2489, '2501.00', 6, 41, 131),
(2490, '2482.00', 6, 67, 64),
(2491, '2792.00', 9, 79, 151),
(2492, '2429.00', 9, 37, 85),
(2493, '2457.00', 1, 82, 57),
(2494, '2400.00', 6, 40, 41),
(2495, '2427.00', 10, 73, 31),
(2496, '2882.00', 3, 70, 27),
(2497, '2251.00', 4, 42, 13),
(2498, '2445.00', 1, 35, 4),
(2499, '2111.00', 5, 68, 140),
(2500, '2432.00', 6, 80, 75),
(2501, '2585.00', 1, 66, 8),
(2502, '2897.00', 8, 61, 23),
(2503, '2424.00', 2, 47, 56),
(2504, '2319.00', 8, 61, 46),
(2505, '2868.00', 9, 69, 122),
(2506, '2028.00', 10, 39, 78),
(2507, '2869.00', 3, 35, 55),
(2508, '2239.00', 8, 81, 102),
(2509, '2908.00', 1, 58, 93),
(2510, '2505.00', 9, 39, 71),
(2511, '2041.00', 8, 69, 94),
(2512, '2253.00', 8, 55, 145),
(2513, '2248.00', 10, 37, 33),
(2514, '2776.00', 1, 39, 71),
(2515, '2941.00', 5, 45, 21),
(2516, '2288.00', 4, 59, 59),
(2517, '2789.00', 6, 33, 10),
(2518, '2067.00', 4, 67, 155),
(2519, '2947.00', 4, 50, 116),
(2520, '2061.00', 10, 46, 113),
(2521, '2822.00', 2, 71, 70),
(2522, '2571.00', 1, 62, 76),
(2523, '2619.00', 6, 44, 74),
(2524, '2445.00', 3, 41, 20),
(2525, '2739.00', 5, 68, 72),
(2526, '2848.00', 1, 43, 154),
(2527, '2113.00', 5, 44, 133),
(2528, '2650.00', 1, 83, 9),
(2529, '2073.00', 4, 71, 63),
(2530, '2456.00', 9, 64, 38),
(2531, '2874.00', 5, 66, 121),
(2532, '2052.00', 7, 60, 56),
(2533, '2299.00', 4, 41, 147),
(2534, '2770.00', 5, 74, 144),
(2535, '2317.00', 2, 67, 76),
(2536, '2399.00', 6, 64, 155),
(2537, '2463.00', 10, 75, 77),
(2538, '2817.00', 5, 67, 58),
(2539, '2801.00', 3, 48, 146),
(2540, '2759.00', 7, 69, 124),
(2541, '2096.00', 10, 53, 38),
(2542, '2923.00', 1, 79, 108),
(2543, '2562.00', 8, 52, 144),
(2544, '2697.00', 3, 39, 30),
(2545, '2920.00', 6, 42, 82),
(2546, '2978.00', 3, 62, 147),
(2547, '2811.00', 6, 77, 143),
(2548, '2621.00', 8, 70, 70),
(2549, '2077.00', 5, 80, 109),
(2550, '2632.00', 2, 40, 148),
(2551, '2577.00', 1, 54, 28),
(2552, '2209.00', 10, 73, 123),
(2553, '2994.00', 2, 79, 48),
(2554, '2093.00', 1, 63, 21),
(2555, '2454.00', 6, 57, 13),
(2556, '2928.00', 10, 52, 65),
(2557, '2925.00', 8, 57, 112),
(2558, '2709.00', 8, 75, 107),
(2559, '2833.00', 1, 80, 145),
(2560, '2257.00', 7, 44, 81),
(2561, '2821.00', 6, 51, 68),
(2562, '2226.00', 9, 68, 27),
(2563, '2540.00', 3, 44, 3),
(2564, '2993.00', 4, 80, 15),
(2565, '2576.00', 2, 67, 62),
(2566, '2818.00', 2, 49, 84),
(2567, '2290.00', 9, 46, 146),
(2568, '2591.00', 5, 40, 151),
(2569, '2432.00', 2, 35, 16),
(2570, '2769.00', 10, 46, 9),
(2571, '2351.00', 7, 40, 72),
(2572, '2333.00', 9, 71, 11),
(2573, '2373.00', 7, 43, 125),
(2574, '2112.00', 9, 51, 141),
(2575, '2648.00', 9, 36, 112),
(2576, '2004.00', 9, 56, 90),
(2577, '2654.00', 4, 64, 20),
(2578, '2887.00', 5, 48, 36),
(2579, '2639.00', 2, 54, 48),
(2580, '2732.00', 10, 50, 78),
(2581, '2115.00', 4, 74, 142),
(2582, '2674.00', 3, 33, 68),
(2583, '2785.00', 5, 42, 139),
(2584, '2746.00', 5, 45, 45),
(2585, '2255.00', 4, 67, 153),
(2586, '2393.00', 10, 52, 140),
(2587, '2591.00', 6, 74, 28),
(2588, '2311.00', 5, 41, 128),
(2589, '2776.00', 2, 74, 9),
(2590, '2481.00', 2, 34, 99),
(2591, '2408.00', 5, 52, 103),
(2592, '2602.00', 4, 71, 89),
(2593, '2130.00', 8, 80, 136),
(2594, '2221.00', 2, 52, 3),
(2595, '2713.00', 2, 78, 113),
(2596, '2514.00', 5, 44, 9),
(2597, '2595.00', 6, 69, 75),
(2598, '2883.00', 7, 58, 46),
(2599, '2413.00', 3, 56, 39),
(2600, '2984.00', 6, 40, 125),
(2601, '2261.00', 7, 54, 148),
(2602, '2340.00', 7, 33, 70),
(2603, '2908.00', 8, 82, 106),
(2604, '2539.00', 7, 60, 122),
(2605, '2482.00', 1, 83, 62),
(2606, '2360.00', 9, 76, 20),
(2607, '2363.00', 10, 38, 137),
(2608, '2176.00', 4, 80, 120),
(2609, '2042.00', 10, 67, 149),
(2610, '2376.00', 7, 79, 2),
(2611, '2434.00', 7, 33, 154),
(2612, '2510.00', 7, 78, 6),
(2613, '2809.00', 10, 81, 91),
(2614, '2034.00', 9, 35, 115),
(2615, '2670.00', 8, 70, 38),
(2616, '2330.00', 10, 48, 108),
(2617, '2210.00', 7, 9, 101),
(2618, '2447.00', 7, 2, 108),
(2619, '2175.00', 2, 5, 39),
(2620, '2924.00', 1, 6, 151),
(2621, '2403.00', 10, 17, 71),
(2622, '2825.00', 7, 17, 62),
(2623, '2402.00', 8, 4, 119),
(2624, '2614.00', 7, 14, 91),
(2625, '2389.00', 9, 2, 59),
(2626, '2015.00', 1, 17, 33),
(2627, '2579.00', 4, 2, 129),
(2628, '2571.00', 6, 11, 71),
(2629, '2439.00', 10, 8, 144),
(2630, '2781.00', 6, 8, 23),
(2631, '2184.00', 8, 11, 103),
(2632, '2248.00', 8, 19, 100),
(2633, '2259.00', 10, 3, 142),
(2634, '2159.00', 8, 19, 84),
(2635, '2525.00', 10, 16, 80),
(2636, '2772.00', 4, 9, 21),
(2637, '2372.00', 3, 5, 69),
(2638, '2152.00', 2, 16, 26),
(2639, '2262.00', 9, 12, 65),
(2640, '2625.00', 4, 16, 21),
(2641, '2976.00', 1, 10, 139),
(2642, '2197.00', 4, 11, 10),
(2643, '2888.00', 9, 18, 45),
(2644, '2829.00', 9, 15, 97),
(2645, '2778.00', 6, 14, 51),
(2646, '2845.00', 2, 4, 80),
(2647, '2638.00', 1, 3, 38),
(2648, '2561.00', 10, 14, 62),
(2649, '2601.00', 10, 4, 56),
(2650, '2024.00', 10, 13, 142),
(2651, '2023.00', 2, 18, 10),
(2652, '2412.00', 4, 10, 1),
(2653, '2660.00', 7, 16, 3),
(2654, '2110.00', 6, 3, 11),
(2655, '2128.00', 1, 17, 93),
(2656, '2309.00', 6, 11, 83),
(2657, '2629.00', 7, 13, 95),
(2658, '2151.00', 7, 13, 87),
(2659, '2010.00', 10, 5, 107),
(2660, '2536.00', 6, 16, 110),
(2661, '2150.00', 4, 19, 10),
(2662, '2056.00', 5, 16, 120),
(2663, '2344.00', 1, 13, 130),
(2664, '2229.00', 1, 9, 83),
(2665, '2209.00', 9, 7, 14),
(2666, '2549.00', 5, 8, 4),
(2667, '2501.00', 1, 4, 140),
(2668, '2415.00', 3, 15, 147),
(2669, '2730.00', 1, 6, 15),
(2670, '2222.00', 3, 8, 38),
(2671, '2482.00', 5, 14, 88),
(2672, '2687.00', 4, 13, 142),
(2673, '2174.00', 10, 18, 53),
(2674, '2405.00', 6, 16, 124),
(2675, '2715.00', 6, 10, 22),
(2676, '2478.00', 6, 14, 39),
(2677, '2101.00', 6, 9, 143),
(2678, '2126.00', 2, 9, 126),
(2679, '2997.00', 10, 19, 3),
(2680, '2826.00', 1, 14, 146),
(2681, '2424.00', 7, 15, 81),
(2682, '2083.00', 4, 11, 144),
(2683, '2734.00', 9, 16, 60),
(2684, '2351.00', 3, 3, 46),
(2685, '2647.00', 3, 16, 111),
(2686, '2680.00', 4, 3, 20),
(2687, '2037.00', 4, 12, 50),
(2688, '2051.00', 10, 7, 71),
(2689, '2406.00', 4, 5, 103),
(2690, '2387.00', 4, 13, 72),
(2691, '2314.00', 3, 13, 94),
(2692, '2149.00', 3, 5, 18),
(2693, '2791.00', 3, 14, 102),
(2694, '2654.00', 1, 13, 60),
(2695, '2155.00', 2, 19, 103),
(2696, '2078.00', 8, 2, 109),
(2697, '2578.00', 8, 16, 137),
(2698, '2122.00', 9, 9, 38),
(2699, '2773.00', 7, 5, 101),
(2700, '2493.00', 5, 11, 23),
(2701, '2180.00', 3, 8, 19),
(2702, '2889.00', 10, 18, 117),
(2703, '2851.00', 3, 18, 23),
(2704, '2942.00', 1, 11, 112),
(2705, '2099.00', 10, 2, 155),
(2706, '2432.00', 4, 4, 136),
(2707, '2372.00', 6, 18, 57),
(2708, '2658.00', 6, 10, 7),
(2709, '2115.00', 10, 12, 51),
(2710, '2402.00', 10, 5, 58),
(2711, '2057.00', 1, 2, 47),
(2712, '2882.00', 6, 3, 60),
(2713, '2737.00', 9, 4, 102),
(2714, '2636.00', 9, 14, 34),
(2715, '2943.00', 9, 3, 64),
(2716, '2023.00', 5, 3, 104),
(2717, '2324.00', 6, 15, 96),
(2718, '2006.00', 1, 7, 3),
(2719, '2090.00', 2, 6, 31),
(2720, '2507.00', 1, 7, 106),
(2721, '2496.00', 1, 16, 50),
(2722, '2557.00', 8, 9, 100),
(2723, '2002.00', 3, 18, 62),
(2724, '2241.00', 7, 11, 13),
(2725, '2312.00', 6, 4, 69),
(2726, '2242.00', 9, 16, 128),
(2727, '2374.00', 4, 4, 107),
(2728, '2597.00', 8, 16, 6),
(2729, '2458.00', 6, 3, 24),
(2730, '2324.00', 2, 9, 67),
(2731, '2777.00', 10, 17, 138),
(2732, '2858.00', 5, 54, 59),
(2733, '2019.00', 3, 74, 133),
(2734, '2762.00', 10, 44, 99),
(2735, '2061.00', 3, 83, 16),
(2736, '2492.00', 8, 67, 142),
(2737, '2290.00', 7, 81, 111),
(2738, '2514.00', 8, 34, 53),
(2739, '2109.00', 4, 50, 52),
(2740, '2878.00', 6, 61, 78),
(2741, '2286.00', 5, 68, 51),
(2742, '2968.00', 3, 70, 140),
(2743, '2484.00', 10, 2, 94),
(2744, '2973.00', 1, 2, 38),
(2745, '2996.00', 4, 14, 87),
(2746, '2730.00', 8, 18, 50),
(2747, '2647.00', 6, 10, 16),
(2748, '2153.00', 4, 4, 121),
(2749, '2717.00', 3, 16, 114),
(2750, '2499.00', 8, 12, 95),
(2751, '2726.00', 9, 7, 104),
(2752, '2664.00', 7, 14, 34),
(2753, '2438.00', 8, 10, 93),
(2754, '2691.00', 3, 9, 122),
(2755, '2274.00', 1, 6, 137),
(2756, '2547.00', 1, 3, 58),
(2757, '2427.00', 7, 19, 34),
(2758, '2999.00', 6, 17, 57),
(2759, '2779.00', 10, 2, 81),
(2760, '2429.00', 1, 14, 96),
(2761, '2938.00', 2, 7, 36),
(2762, '2794.00', 2, 7, 64),
(2763, '2116.00', 6, 17, 55),
(2764, '2742.00', 2, 15, 114),
(2765, '2808.00', 7, 3, 23),
(2766, '2060.00', 5, 13, 119),
(2767, '2763.00', 7, 7, 24),
(2768, '2630.00', 8, 14, 83),
(2769, '2864.00', 6, 8, 63),
(2770, '2464.00', 8, 15, 141),
(2771, '2185.00', 5, 3, 125),
(2772, '2112.00', 5, 6, 146),
(2773, '2566.00', 8, 14, 79),
(2774, '2359.00', 5, 6, 110),
(2775, '2772.00', 7, 19, 61),
(2776, '2884.00', 2, 17, 63),
(2777, '2321.00', 9, 7, 106),
(2778, '2666.00', 6, 4, 129),
(2779, '2800.00', 5, 12, 82),
(2780, '2716.00', 2, 1, 28),
(2781, '2218.00', 1, 7, 21),
(2782, '2379.00', 4, 12, 14),
(2783, '2232.00', 2, 12, 74),
(2784, '2139.00', 2, 4, 1),
(2785, '2469.00', 5, 14, 42),
(2786, '2116.00', 4, 18, 104),
(2787, '2835.00', 5, 3, 111),
(2788, '2011.00', 8, 15, 19),
(2789, '2651.00', 8, 9, 19),
(2790, '2430.00', 3, 3, 143),
(2791, '2264.00', 2, 3, 108),
(2792, '2006.00', 4, 4, 29),
(2793, '2464.00', 4, 1, 104),
(2794, '2176.00', 10, 4, 151),
(2795, '2565.00', 7, 9, 87),
(2796, '2484.00', 4, 4, 10),
(2797, '2800.00', 9, 18, 154),
(2798, '2941.00', 4, 10, 35),
(2799, '2604.00', 4, 18, 85),
(2800, '2203.00', 3, 13, 147),
(2801, '2742.00', 4, 11, 25),
(2802, '2908.00', 7, 10, 78),
(2803, '2572.00', 8, 5, 152),
(2804, '2237.00', 4, 18, 154),
(2805, '2354.00', 4, 5, 127),
(2806, '2883.00', 3, 14, 69),
(2807, '2641.00', 3, 17, 29),
(2808, '2436.00', 5, 13, 133),
(2809, '2600.00', 8, 5, 147),
(2810, '2672.00', 6, 11, 96),
(2811, '2151.00', 6, 15, 85),
(2812, '2126.00', 10, 14, 90),
(2813, '2971.00', 3, 19, 57),
(2814, '2839.00', 7, 17, 30),
(2815, '2158.00', 5, 18, 31),
(2816, '2272.00', 7, 14, 114),
(2817, '2058.00', 9, 5, 5),
(2818, '2633.00', 9, 4, 84),
(2819, '2810.00', 8, 8, 112),
(2820, '2008.00', 1, 5, 107),
(2821, '2994.00', 10, 15, 124),
(2822, '2813.00', 2, 12, 75),
(2823, '2989.00', 4, 13, 114),
(2824, '2865.00', 1, 4, 42),
(2825, '2953.00', 6, 6, 64),
(2826, '2953.00', 8, 19, 141),
(2827, '2610.00', 4, 9, 48),
(2828, '2152.00', 6, 1, 72),
(2829, '2249.00', 2, 10, 146),
(2830, '2062.00', 1, 13, 106),
(2831, '2811.00', 3, 2, 19),
(2832, '2005.00', 7, 16, 6),
(2833, '2673.00', 4, 11, 67),
(2834, '2115.00', 6, 5, 13),
(2835, '2732.00', 7, 8, 79),
(2836, '2734.00', 5, 2, 130),
(2837, '2171.00', 4, 6, 65),
(2838, '2932.00', 7, 10, 138),
(2839, '2176.00', 2, 16, 43),
(2840, '2615.00', 6, 6, 85),
(2841, '2411.00', 6, 11, 148),
(2842, '2605.00', 9, 3, 90),
(2843, '2295.00', 10, 2, 17),
(2844, '2293.00', 2, 16, 83),
(2845, '2103.00', 7, 4, 60),
(2846, '2367.00', 2, 16, 88),
(2847, '2150.00', 2, 17, 47),
(2848, '2789.00', 10, 6, 87),
(2849, '2480.00', 6, 10, 30),
(2850, '2977.00', 9, 2, 32),
(2851, '2988.00', 4, 2, 112),
(2852, '2698.00', 3, 11, 125),
(2853, '2229.00', 7, 16, 115),
(2854, '2781.00', 9, 13, 65),
(2855, '2525.00', 6, 13, 92),
(2856, '2552.00', 4, 1, 82),
(2857, '2096.00', 8, 3, 75),
(2858, '2789.00', 1, 49, 3),
(2859, '2384.00', 1, 79, 130),
(2860, '2639.00', 3, 76, 25),
(2861, '2093.00', 2, 75, 106),
(2862, '2966.00', 9, 39, 92),
(2863, '2981.00', 6, 58, 119),
(2864, '2225.00', 6, 55, 84),
(2865, '2555.00', 10, 54, 74),
(2866, '2815.00', 5, 57, 54),
(2867, '2369.00', 3, 47, 36),
(2868, '2527.00', 1, 74, 52),
(2869, '2266.00', 9, 35, 135),
(2870, '2881.00', 6, 65, 50),
(2871, '2098.00', 5, 69, 22),
(2872, '2463.00', 1, 49, 36),
(2873, '2933.00', 2, 73, 49),
(2874, '2411.00', 10, 54, 74),
(2875, '2733.00', 1, 71, 81),
(2876, '2179.00', 9, 75, 101),
(2877, '2203.00', 5, 69, 101),
(2878, '2966.00', 1, 74, 75),
(2879, '2985.00', 2, 34, 101),
(2880, '2866.00', 5, 57, 42),
(2881, '2684.00', 4, 77, 105),
(2882, '2104.00', 3, 53, 123),
(2883, '2109.00', 7, 75, 118),
(2884, '2046.00', 3, 66, 125),
(2885, '2851.00', 5, 44, 48),
(2886, '2538.00', 4, 60, 32),
(2887, '2276.00', 4, 67, 153),
(2888, '2185.00', 7, 54, 150),
(2889, '2247.00', 1, 80, 60),
(2890, '2945.00', 9, 40, 81),
(2891, '2498.00', 5, 42, 26),
(2892, '2818.00', 1, 63, 102),
(2893, '2022.00', 9, 81, 34),
(2894, '2507.00', 10, 75, 50),
(2895, '2998.00', 5, 73, 120),
(2896, '2941.00', 9, 66, 90),
(2897, '2883.00', 9, 65, 40),
(2898, '2470.00', 5, 71, 32),
(2899, '2301.00', 10, 48, 62),
(2900, '2743.00', 3, 82, 78),
(2901, '2749.00', 6, 50, 103),
(2902, '2008.00', 1, 69, 79),
(2903, '2106.00', 6, 83, 76),
(2904, '2535.00', 6, 33, 69),
(2905, '2427.00', 3, 52, 133),
(2906, '2462.00', 5, 49, 38),
(2907, '2538.00', 1, 82, 132),
(2908, '2736.00', 2, 68, 141),
(2909, '2362.00', 2, 57, 70),
(2910, '2338.00', 3, 63, 29),
(2911, '2676.00', 4, 80, 55),
(2912, '2467.00', 2, 58, 151),
(2913, '2022.00', 1, 66, 136),
(2914, '2539.00', 1, 62, 102),
(2915, '2187.00', 7, 68, 61),
(2916, '2192.00', 10, 72, 121),
(2917, '2339.00', 7, 79, 62),
(2918, '2589.00', 3, 50, 76),
(2919, '2891.00', 3, 51, 65),
(2920, '2159.00', 3, 48, 153),
(2921, '2687.00', 10, 72, 97),
(2922, '2471.00', 1, 62, 104),
(2923, '2482.00', 3, 59, 110),
(2924, '2172.00', 4, 69, 2),
(2925, '2867.00', 2, 46, 4),
(2926, '2454.00', 5, 80, 36),
(2927, '2080.00', 2, 47, 119),
(2928, '2845.00', 1, 65, 150),
(2929, '2328.00', 7, 57, 70),
(2930, '2919.00', 5, 67, 57),
(2931, '2826.00', 10, 34, 85),
(2932, '2489.00', 1, 46, 39),
(2933, '2106.00', 9, 79, 17),
(2934, '2914.00', 10, 72, 139),
(2935, '2784.00', 1, 34, 144),
(2936, '2675.00', 2, 50, 68),
(2937, '2598.00', 9, 43, 127),
(2938, '2176.00', 5, 41, 100),
(2939, '2902.00', 5, 82, 119),
(2940, '2822.00', 7, 48, 132),
(2941, '2720.00', 7, 68, 88),
(2942, '2462.00', 4, 61, 83),
(2943, '2356.00', 4, 39, 147),
(2944, '2976.00', 1, 76, 25),
(2945, '2989.00', 7, 36, 45),
(2946, '2846.00', 7, 35, 89),
(2947, '2278.00', 1, 72, 88),
(2948, '2134.00', 4, 56, 152),
(2949, '2736.00', 4, 37, 117),
(2950, '2879.00', 2, 46, 68),
(2951, '2087.00', 4, 76, 129),
(2952, '2564.00', 7, 71, 31),
(2953, '2450.00', 8, 82, 30),
(2954, '2263.00', 2, 66, 94),
(2955, '2387.00', 10, 36, 78),
(2956, '2086.00', 4, 44, 92),
(2957, '2535.00', 5, 47, 32),
(2958, '2930.00', 3, 37, 138),
(2959, '2737.00', 5, 50, 68),
(2960, '2014.00', 1, 41, 107),
(2961, '2699.00', 5, 37, 147),
(2962, '2942.00', 1, 42, 40),
(2963, '2593.00', 2, 38, 48),
(2964, '2874.00', 6, 35, 132),
(2965, '2537.00', 4, 37, 59),
(2966, '2827.00', 7, 76, 155),
(2967, '2181.00', 10, 57, 46),
(2968, '2329.00', 7, 49, 27),
(2969, '2118.00', 8, 70, 118),
(2970, '2988.00', 9, 69, 76),
(2971, '2518.00', 7, 38, 125),
(2972, '2178.00', 2, 70, 125),
(2973, '2154.00', 8, 59, 42),
(2974, '2405.00', 3, 67, 122),
(2975, '2352.00', 4, 72, 122),
(2976, '2348.00', 4, 81, 56),
(2977, '2448.00', 5, 77, 32),
(2978, '2230.00', 10, 68, 69),
(2979, '2809.00', 3, 74, 36),
(2980, '2785.00', 6, 45, 30),
(2981, '2557.00', 7, 39, 135),
(2982, '2215.00', 3, 57, 23),
(2983, '2599.00', 9, 81, 55),
(2984, '2193.00', 7, 43, 5),
(2985, '2785.00', 7, 43, 47),
(2986, '2709.00', 8, 62, 20),
(2987, '2327.00', 2, 70, 126),
(2988, '2494.00', 6, 67, 43),
(2989, '2121.00', 5, 39, 12),
(2990, '2578.00', 5, 39, 136),
(2991, '2223.00', 7, 70, 4),
(2992, '2260.00', 2, 47, 8),
(2993, '2148.00', 7, 50, 82),
(2994, '2650.00', 1, 62, 111),
(2995, '2874.00', 4, 51, 27),
(2996, '2968.00', 9, 79, 91),
(2997, '2813.00', 9, 53, 26),
(2998, '2973.00', 3, 55, 33),
(2999, '2077.00', 6, 48, 96),
(3000, '2546.00', 5, 82, 15),
(3001, '2582.00', 6, 76, 118),
(3002, '2357.00', 1, 61, 105),
(3003, '2614.00', 9, 68, 59),
(3004, '2969.00', 4, 47, 133),
(3005, '2155.00', 10, 68, 97),
(3006, '2485.00', 3, 53, 140),
(3007, '2511.00', 9, 58, 46),
(3008, '2273.00', 9, 35, 6),
(3009, '2008.00', 1, 64, 121),
(3010, '2279.00', 6, 58, 66),
(3011, '2488.00', 7, 33, 144),
(3012, '2358.00', 2, 54, 125),
(3013, '2897.00', 3, 49, 144),
(3014, '2508.00', 5, 33, 126),
(3015, '2740.00', 7, 66, 50),
(3016, '2123.00', 10, 72, 23),
(3017, '2629.00', 4, 74, 78),
(3018, '2788.00', 8, 69, 51),
(3019, '2644.00', 6, 62, 143),
(3020, '2130.00', 10, 44, 134),
(3021, '2580.00', 1, 79, 150),
(3022, '2606.00', 8, 78, 27),
(3023, '2577.00', 9, 46, 152),
(3024, '2173.00', 5, 59, 119),
(3025, '2752.00', 9, 79, 69),
(3026, '2322.00', 1, 67, 55),
(3027, '2236.00', 6, 50, 63),
(3028, '2403.00', 6, 74, 10),
(3029, '2376.00', 7, 57, 47),
(3030, '2502.00', 8, 41, 36),
(3031, '2373.00', 3, 56, 9),
(3032, '2032.00', 2, 66, 88),
(3033, '2887.00', 10, 44, 105),
(3034, '2631.00', 5, 74, 28),
(3035, '2324.00', 10, 46, 3),
(3036, '2642.00', 1, 82, 72),
(3037, '2767.00', 1, 63, 128),
(3038, '2809.00', 3, 62, 128),
(3039, '2611.00', 1, 33, 145),
(3040, '2102.00', 7, 76, 32),
(3041, '2478.00', 9, 76, 9),
(3042, '2904.00', 8, 78, 126),
(3043, '2584.00', 9, 71, 115),
(3044, '2124.00', 8, 60, 48),
(3045, '2710.00', 3, 74, 55),
(3046, '2627.00', 1, 40, 113),
(3047, '2485.00', 9, 66, 144),
(3048, '2520.00', 2, 59, 20),
(3049, '2981.00', 9, 62, 36),
(3050, '2549.00', 6, 52, 29),
(3051, '2960.00', 3, 60, 89),
(3052, '2853.00', 1, 74, 19),
(3053, '2186.00', 5, 70, 45),
(3054, '2051.00', 10, 53, 138),
(3055, '2016.00', 6, 50, 6),
(3056, '2174.00', 7, 57, 110),
(3057, '2511.00', 10, 78, 151),
(3058, '2957.00', 9, 40, 89),
(3059, '2130.00', 5, 46, 35),
(3060, '3000.00', 5, 45, 123),
(3061, '2755.00', 3, 66, 4),
(3062, '2668.00', 4, 71, 116),
(3063, '2690.00', 7, 64, 29),
(3064, '2687.00', 10, 35, 8),
(3065, '2849.00', 5, 39, 32),
(3066, '2909.00', 1, 50, 62),
(3067, '2626.00', 7, 83, 36),
(3068, '2546.00', 5, 42, 74),
(3069, '2297.00', 10, 74, 76),
(3070, '2757.00', 7, 64, 81),
(3071, '2884.00', 9, 57, 100),
(3072, '2274.00', 4, 46, 103),
(3073, '2169.00', 3, 53, 57),
(3074, '2529.00', 9, 80, 96),
(3075, '2468.00', 7, 63, 124),
(3076, '2256.00', 1, 35, 2),
(3077, '2544.00', 4, 34, 72),
(3078, '2628.00', 9, 71, 34),
(3079, '2092.00', 9, 64, 96),
(3080, '2972.00', 10, 74, 88),
(3081, '2321.00', 1, 52, 92),
(3082, '2875.00', 2, 35, 137),
(3083, '2668.00', 8, 53, 7),
(3084, '2682.00', 8, 34, 36),
(3085, '2827.00', 1, 41, 79),
(3086, '2375.00', 3, 34, 70),
(3087, '2269.00', 9, 34, 144),
(3088, '2580.00', 2, 73, 97),
(3089, '2745.00', 9, 62, 113),
(3090, '2026.00', 8, 46, 28),
(3091, '2689.00', 6, 70, 108),
(3092, '2701.00', 6, 57, 61),
(3093, '2942.00', 3, 61, 96),
(3094, '2808.00', 1, 33, 104),
(3095, '2595.00', 7, 75, 42),
(3096, '2949.00', 6, 44, 82),
(3097, '2575.00', 3, 50, 86),
(3098, '2816.00', 6, 35, 72),
(3099, '2904.00', 7, 70, 118),
(3100, '2751.00', 6, 60, 150),
(3101, '2932.00', 2, 37, 52),
(3102, '2315.00', 2, 68, 63),
(3103, '2734.00', 2, 76, 57),
(3104, '2559.00', 3, 72, 115),
(3105, '2904.00', 7, 64, 152),
(3106, '2375.00', 10, 48, 145),
(3107, '2168.00', 2, 66, 130),
(3108, '2923.00', 5, 35, 57),
(3109, '2451.00', 3, 80, 2),
(3110, '2882.00', 9, 57, 36),
(3111, '2393.00', 9, 61, 1),
(3112, '2250.00', 8, 83, 45),
(3113, '2808.00', 4, 53, 129),
(3114, '2876.00', 3, 73, 74),
(3115, '2188.00', 4, 60, 111),
(3116, '2144.00', 7, 59, 122),
(3117, '2542.00', 6, 36, 115),
(3118, '2103.00', 5, 65, 151),
(3119, '2131.00', 9, 36, 36),
(3120, '2108.00', 1, 63, 9),
(3121, '2089.00', 2, 69, 128),
(3122, '2985.00', 1, 53, 38),
(3123, '2344.00', 2, 80, 114),
(3124, '2689.00', 3, 61, 91),
(3125, '2878.00', 10, 62, 143),
(3126, '2346.00', 5, 62, 10),
(3127, '2380.00', 3, 35, 120),
(3128, '2778.00', 1, 74, 91),
(3129, '2848.00', 1, 72, 150),
(3130, '2635.00', 2, 41, 149),
(3131, '2448.00', 1, 77, 18),
(3132, '2326.00', 2, 35, 74),
(3133, '2068.00', 10, 77, 152),
(3134, '2768.00', 5, 73, 15),
(3135, '2701.00', 5, 74, 66),
(3136, '2573.00', 10, 53, 6),
(3137, '2164.00', 4, 63, 123),
(3138, '2506.00', 7, 56, 29),
(3139, '2406.00', 5, 57, 40),
(3140, '2839.00', 7, 46, 19),
(3141, '2783.00', 10, 36, 100),
(3142, '2635.00', 4, 55, 143),
(3143, '2075.00', 1, 52, 138),
(3144, '2934.00', 10, 55, 104),
(3145, '2899.00', 6, 43, 73),
(3146, '2005.00', 2, 81, 137),
(3147, '2064.00', 4, 38, 136),
(3148, '2376.00', 5, 36, 101),
(3149, '2192.00', 3, 72, 123),
(3150, '2896.00', 8, 83, 23),
(3151, '2490.00', 9, 60, 60),
(3152, '2065.00', 1, 60, 13),
(3153, '2113.00', 10, 73, 20),
(3154, '2048.00', 7, 46, 153),
(3155, '2930.00', 7, 59, 98),
(3156, '2996.00', 7, 49, 129),
(3157, '2833.00', 9, 53, 125),
(3158, '2231.00', 7, 63, 115),
(3159, '2902.00', 6, 69, 9),
(3160, '2073.00', 3, 41, 76),
(3161, '2133.00', 7, 55, 22),
(3162, '2726.00', 3, 60, 78),
(3163, '2988.00', 6, 83, 86),
(3164, '2366.00', 9, 36, 148),
(3165, '2158.00', 4, 81, 86),
(3166, '2690.00', 10, 69, 7),
(3167, '2944.00', 5, 52, 109),
(3168, '2238.00', 9, 53, 124),
(3169, '2846.00', 1, 50, 131),
(3170, '2463.00', 4, 64, 2),
(3171, '2916.00', 10, 48, 130),
(3172, '2859.00', 6, 43, 50),
(3173, '2509.00', 1, 41, 137),
(3174, '2388.00', 5, 73, 36),
(3175, '2690.00', 10, 71, 3),
(3176, '2055.00', 7, 54, 4),
(3177, '2291.00', 10, 65, 115),
(3178, '2185.00', 2, 71, 48),
(3179, '2542.00', 4, 44, 151),
(3180, '2980.00', 9, 63, 103),
(3181, '2954.00', 6, 79, 32),
(3182, '2118.00', 10, 38, 47),
(3183, '2515.00', 8, 55, 118),
(3184, '2799.00', 6, 52, 69),
(3185, '2659.00', 1, 52, 106),
(3186, '2560.00', 9, 38, 49),
(3187, '2203.00', 7, 62, 43),
(3188, '2143.00', 1, 51, 64),
(3189, '2657.00', 3, 47, 149),
(3190, '2084.00', 10, 36, 106),
(3191, '2198.00', 7, 54, 22),
(3192, '2658.00', 2, 83, 55),
(3193, '2860.00', 9, 37, 32),
(3194, '2540.00', 6, 41, 30),
(3195, '2071.00', 5, 83, 37),
(3196, '2479.00', 10, 53, 110),
(3197, '2239.00', 6, 75, 3),
(3198, '2299.00', 8, 46, 15),
(3199, '2897.00', 8, 38, 147),
(3200, '2273.00', 10, 57, 116),
(3201, '2152.00', 6, 38, 141),
(3202, '2778.00', 3, 40, 81),
(3203, '2909.00', 6, 43, 98),
(3204, '2428.00', 1, 57, 107),
(3205, '2470.00', 3, 37, 107),
(3206, '2937.00', 2, 42, 2),
(3207, '2618.00', 10, 46, 92),
(3208, '2871.00', 3, 74, 142),
(3209, '2742.00', 5, 40, 68),
(3210, '2232.00', 5, 39, 148),
(3211, '2990.00', 4, 56, 90),
(3212, '2824.00', 5, 49, 129),
(3213, '2604.00', 3, 38, 109),
(3214, '2544.00', 9, 43, 104),
(3215, '2988.00', 5, 59, 20),
(3216, '2738.00', 8, 37, 103),
(3217, '2277.00', 4, 55, 121),
(3218, '2775.00', 8, 66, 41),
(3219, '2468.00', 1, 72, 79),
(3220, '2722.00', 4, 56, 145),
(3221, '2339.00', 2, 40, 114),
(3222, '2631.00', 3, 45, 11),
(3223, '2649.00', 1, 56, 101),
(3224, '2053.00', 5, 68, 125),
(3225, '2745.00', 9, 60, 97),
(3226, '2169.00', 8, 45, 29),
(3227, '2593.00', 3, 65, 42),
(3228, '2261.00', 4, 74, 35),
(3229, '2372.00', 2, 35, 71),
(3230, '2393.00', 9, 76, 154),
(3231, '2582.00', 9, 40, 144),
(3232, '2185.00', 7, 72, 119),
(3233, '2704.00', 6, 63, 148),
(3234, '2207.00', 1, 78, 51),
(3235, '2159.00', 9, 64, 51),
(3236, '2359.00', 1, 78, 136),
(3237, '2408.00', 6, 55, 8),
(3238, '2577.00', 9, 80, 2),
(3239, '2689.00', 6, 70, 118),
(3240, '2847.00', 5, 65, 142),
(3241, '2724.00', 9, 63, 19),
(3242, '2548.00', 3, 78, 37),
(3243, '2233.00', 9, 67, 3),
(3244, '2128.00', 8, 33, 9),
(3245, '2839.00', 2, 66, 79),
(3246, '2531.00', 2, 63, 62),
(3247, '2139.00', 5, 35, 111),
(3248, '2656.00', 1, 62, 128),
(3249, '2636.00', 1, 79, 46),
(3250, '2187.00', 5, 55, 144),
(3251, '2943.00', 3, 73, 42),
(3252, '2801.00', 7, 72, 76),
(3253, '2433.00', 1, 46, 45),
(3254, '2395.00', 3, 42, 138),
(3255, '2061.00', 4, 58, 13),
(3256, '2274.00', 1, 55, 1),
(3257, '2238.00', 6, 65, 71),
(3258, '2422.00', 8, 82, 118),
(3259, '2958.00', 10, 75, 19),
(3260, '2204.00', 9, 79, 64),
(3261, '2978.00', 6, 55, 13),
(3262, '2041.00', 3, 67, 32),
(3263, '2279.00', 4, 34, 46),
(3264, '2759.00', 2, 57, 35),
(3265, '2145.00', 4, 39, 45),
(3266, '2649.00', 5, 66, 52),
(3267, '2207.00', 10, 83, 7),
(3268, '2917.00', 4, 56, 72),
(3269, '2491.00', 7, 49, 17),
(3270, '2965.00', 1, 50, 128),
(3271, '2759.00', 2, 42, 27),
(3272, '2529.00', 10, 75, 3),
(3273, '2861.00', 3, 49, 4),
(3274, '2809.00', 3, 42, 14),
(3275, '2468.00', 9, 64, 26),
(3276, '2179.00', 7, 63, 129),
(3277, '2067.00', 3, 35, 22),
(3278, '2276.00', 10, 62, 79),
(3279, '2801.00', 2, 81, 126),
(3280, '2775.00', 6, 68, 100),
(3281, '2038.00', 4, 48, 86),
(3282, '2736.00', 1, 39, 102),
(3283, '2727.00', 5, 36, 120),
(3284, '2466.00', 7, 76, 146),
(3285, '2477.00', 6, 57, 70),
(3286, '2083.00', 7, 53, 55),
(3287, '2192.00', 7, 65, 83),
(3288, '2425.00', 9, 83, 76),
(3289, '2564.00', 1, 68, 103),
(3290, '2560.00', 6, 39, 124),
(3291, '2924.00', 2, 65, 94),
(3292, '2954.00', 2, 41, 33),
(3293, '2103.00', 7, 62, 96),
(3294, '2872.00', 10, 72, 37),
(3295, '2396.00', 4, 80, 70),
(3296, '2358.00', 2, 51, 99),
(3297, '2144.00', 4, 39, 103),
(3298, '2862.00', 1, 80, 27),
(3299, '2222.00', 6, 33, 125),
(3300, '2559.00', 8, 79, 89),
(3301, '2302.00', 3, 77, 129),
(3302, '2514.00', 9, 50, 59),
(3303, '2040.00', 8, 38, 25),
(3304, '2061.00', 3, 62, 28),
(3305, '2625.00', 3, 78, 45),
(3306, '2745.00', 10, 78, 98),
(3307, '2988.00', 1, 45, 80),
(3308, '2260.00', 9, 61, 132),
(3309, '2821.00', 4, 33, 59),
(3310, '2573.00', 6, 40, 62),
(3311, '2906.00', 10, 81, 118),
(3312, '2375.00', 3, 56, 116),
(3313, '2446.00', 7, 70, 137),
(3314, '2124.00', 7, 79, 66),
(3315, '2984.00', 3, 35, 92),
(3316, '2282.00', 7, 57, 51),
(3317, '2650.00', 9, 51, 140),
(3318, '2879.00', 3, 35, 125),
(3319, '2674.00', 3, 36, 150),
(3320, '2770.00', 9, 49, 84),
(3321, '2296.00', 7, 82, 26),
(3322, '2760.00', 2, 33, 35),
(3323, '2918.00', 2, 52, 67),
(3324, '2866.00', 6, 81, 109),
(3325, '2182.00', 7, 39, 69),
(3326, '2269.00', 3, 81, 99),
(3327, '2332.00', 2, 76, 120),
(3328, '2131.00', 6, 50, 16),
(3329, '2056.00', 9, 43, 48),
(3330, '2568.00', 10, 42, 98),
(3331, '2735.00', 6, 54, 57),
(3332, '2852.00', 5, 79, 123),
(3333, '2629.00', 6, 58, 70),
(3334, '2159.00', 8, 39, 66),
(3335, '2847.00', 8, 78, 69),
(3336, '2871.00', 8, 55, 36),
(3337, '2173.00', 7, 64, 98),
(3338, '2662.00', 1, 54, 49),
(3339, '2421.00', 4, 66, 127),
(3340, '2300.00', 4, 70, 3),
(3341, '2904.00', 6, 52, 70),
(3342, '2504.00', 4, 33, 92),
(3343, '2933.00', 5, 39, 132),
(3344, '2283.00', 4, 40, 48),
(3345, '2599.00', 9, 38, 40),
(3346, '2547.00', 2, 53, 117),
(3347, '2463.00', 10, 63, 18),
(3348, '2209.00', 9, 39, 16),
(3349, '2681.00', 9, 70, 40),
(3350, '2513.00', 10, 73, 70),
(3351, '2148.00', 9, 61, 25),
(3352, '2674.00', 3, 64, 102),
(3353, '2027.00', 8, 60, 146),
(3354, '2529.00', 1, 69, 72),
(3355, '2717.00', 9, 63, 85),
(3356, '2037.00', 9, 54, 54),
(3357, '2094.00', 4, 72, 100),
(3358, '2041.00', 8, 83, 101),
(3359, '2228.00', 10, 49, 109),
(3360, '2149.00', 8, 39, 3),
(3361, '2916.00', 6, 66, 94),
(3362, '2939.00', 6, 56, 126),
(3363, '2380.00', 2, 77, 113),
(3364, '2831.00', 4, 46, 138),
(3365, '2156.00', 8, 50, 88),
(3366, '2368.00', 7, 77, 148),
(3367, '2104.00', 4, 68, 60),
(3368, '2048.00', 7, 43, 149),
(3369, '2552.00', 8, 78, 27),
(3370, '2454.00', 2, 69, 41),
(3371, '2514.00', 7, 83, 64),
(3372, '2305.00', 10, 74, 5),
(3373, '2487.00', 4, 74, 4),
(3374, '2565.00', 3, 73, 2),
(3375, '2446.00', 8, 58, 136),
(3376, '2538.00', 5, 42, 9),
(3377, '2171.00', 8, 59, 26),
(3378, '2227.00', 4, 77, 44),
(3379, '2918.00', 9, 65, 147),
(3380, '2067.00', 6, 40, 103),
(3381, '2751.00', 8, 60, 95),
(3382, '2906.00', 6, 65, 49),
(3383, '2595.00', 9, 53, 108),
(3384, '2268.00', 8, 76, 69),
(3385, '2895.00', 10, 1, 50),
(3386, '2794.00', 4, 18, 5),
(3387, '2994.00', 5, 4, 70),
(3388, '2335.00', 5, 6, 109),
(3389, '2327.00', 4, 7, 41),
(3390, '2144.00', 2, 17, 148),
(3391, '2383.00', 9, 15, 100),
(3392, '2142.00', 9, 16, 53),
(3393, '2662.00', 10, 12, 53),
(3394, '2419.00', 3, 11, 61),
(3395, '2586.00', 10, 8, 122),
(3396, '2787.00', 8, 16, 109),
(3397, '2052.00', 2, 14, 140),
(3398, '2275.00', 8, 1, 21),
(3399, '2879.00', 5, 4, 105),
(3400, '2935.00', 4, 8, 99),
(3401, '2810.00', 7, 5, 126),
(3402, '2198.00', 7, 5, 109),
(3403, '2092.00', 1, 16, 131),
(3404, '2187.00', 4, 3, 53),
(3405, '2344.00', 6, 6, 126),
(3406, '2295.00', 7, 18, 46),
(3407, '2319.00', 6, 13, 26),
(3408, '2008.00', 4, 12, 132),
(3409, '2246.00', 1, 4, 153),
(3410, '2887.00', 3, 12, 145),
(3411, '2359.00', 4, 18, 74),
(3412, '2303.00', 5, 17, 59),
(3413, '2093.00', 3, 16, 61),
(3414, '2528.00', 7, 8, 5),
(3415, '2956.00', 6, 16, 143),
(3416, '2047.00', 3, 1, 147),
(3417, '2809.00', 3, 15, 133),
(3418, '2961.00', 1, 12, 35),
(3419, '2729.00', 4, 11, 102),
(3420, '2463.00', 6, 12, 129),
(3421, '2573.00', 6, 18, 104),
(3422, '2585.00', 4, 18, 74),
(3423, '2986.00', 5, 4, 1),
(3424, '2473.00', 6, 7, 131),
(3425, '2362.00', 8, 15, 1),
(3426, '2445.00', 10, 12, 37),
(3427, '2934.00', 8, 6, 43),
(3428, '2602.00', 4, 12, 25),
(3429, '2867.00', 2, 2, 24),
(3430, '2656.00', 10, 5, 34),
(3431, '2327.00', 2, 15, 71),
(3432, '2507.00', 8, 10, 154),
(3433, '2885.00', 8, 18, 80),
(3434, '2182.00', 10, 15, 13),
(3435, '2746.00', 3, 10, 112),
(3436, '2683.00', 10, 3, 139),
(3437, '2710.00', 7, 9, 78),
(3438, '2657.00', 9, 7, 114),
(3439, '2606.00', 7, 8, 89),
(3440, '2983.00', 3, 11, 143),
(3441, '2407.00', 10, 16, 132),
(3442, '2401.00', 5, 17, 36),
(3443, '2715.00', 2, 10, 130),
(3444, '2704.00', 8, 1, 59),
(3445, '2202.00', 1, 11, 85),
(3446, '2794.00', 7, 1, 74),
(3447, '2074.00', 2, 7, 123),
(3448, '2361.00', 8, 15, 12),
(3449, '2251.00', 9, 12, 118),
(3450, '2865.00', 7, 2, 42),
(3451, '2113.00', 5, 14, 78),
(3452, '2363.00', 6, 1, 132),
(3453, '2901.00', 4, 7, 31),
(3454, '2268.00', 1, 9, 104),
(3455, '2219.00', 3, 16, 33),
(3456, '2515.00', 1, 10, 102),
(3457, '2817.00', 10, 7, 120),
(3458, '2278.00', 3, 3, 12),
(3459, '2130.00', 6, 19, 92),
(3460, '2949.00', 2, 14, 67),
(3461, '2632.00', 8, 8, 113),
(3462, '2413.00', 5, 16, 155),
(3463, '2415.00', 9, 2, 118),
(3464, '2182.00', 1, 2, 35),
(3465, '2542.00', 1, 9, 39),
(3466, '2998.00', 10, 6, 62),
(3467, '2959.00', 7, 2, 46),
(3468, '2257.00', 7, 17, 119),
(3469, '2862.00', 4, 8, 29),
(3470, '2035.00', 2, 13, 110),
(3471, '2793.00', 7, 17, 98),
(3472, '2094.00', 7, 14, 91),
(3473, '2935.00', 7, 5, 6),
(3474, '2256.00', 3, 12, 153),
(3475, '2392.00', 3, 8, 43),
(3476, '2332.00', 5, 19, 121),
(3477, '2965.00', 10, 1, 71),
(3478, '2072.00', 9, 5, 54),
(3479, '2028.00', 10, 6, 76),
(3480, '2227.00', 10, 11, 133),
(3481, '2133.00', 3, 7, 85),
(3482, '2466.00', 1, 14, 73),
(3483, '2612.00', 4, 3, 103),
(3484, '2339.00', 7, 19, 4),
(3485, '2418.00', 9, 11, 74),
(3486, '2444.00', 7, 12, 98),
(3487, '2563.00', 3, 9, 13),
(3488, '2968.00', 10, 6, 72),
(3489, '2956.00', 10, 9, 5),
(3490, '2233.00', 7, 9, 81),
(3491, '2647.00', 10, 6, 37),
(3492, '2637.00', 7, 4, 50),
(3493, '2979.00', 2, 5, 27),
(3494, '2696.00', 2, 9, 64),
(3495, '2878.00', 10, 13, 43),
(3496, '2579.00', 7, 15, 17),
(3497, '2824.00', 4, 4, 75),
(3498, '2753.00', 8, 3, 80),
(3499, '2341.00', 1, 6, 10),
(3500, '2084.00', 9, 13, 14),
(3501, '2766.00', 2, 17, 123),
(3502, '2167.00', 4, 4, 6),
(3503, '2273.00', 8, 3, 134),
(3504, '2465.00', 8, 1, 98),
(3505, '2349.00', 9, 2, 65),
(3506, '2412.00', 3, 18, 98),
(3507, '2330.00', 1, 8, 13),
(3508, '2494.00', 7, 14, 83),
(3509, '2739.00', 4, 4, 155),
(3510, '2651.00', 1, 12, 79),
(3511, '2015.00', 9, 3, 71),
(3512, '2333.00', 3, 1, 143),
(3513, '2126.00', 9, 12, 80),
(3514, '2221.00', 2, 3, 65),
(3515, '2261.00', 1, 16, 133),
(3516, '2960.00', 4, 1, 154),
(3517, '2558.00', 10, 15, 113),
(3518, '2281.00', 2, 2, 90),
(3519, '2471.00', 3, 15, 23),
(3520, '2202.00', 1, 9, 102),
(3521, '2253.00', 9, 4, 2),
(3522, '2216.00', 2, 1, 87),
(3523, '2042.00', 10, 15, 26),
(3524, '2924.00', 6, 11, 105),
(3525, '2583.00', 3, 13, 133),
(3526, '2273.00', 7, 4, 22),
(3527, '2358.00', 4, 8, 63),
(3528, '2321.00', 7, 73, 69),
(3529, '2886.00', 2, 80, 10),
(3530, '2155.00', 7, 39, 50),
(3531, '2736.00', 10, 54, 70),
(3532, '2173.00', 1, 75, 1),
(3533, '2109.00', 2, 35, 11),
(3534, '2985.00', 7, 36, 2),
(3535, '2623.00', 3, 36, 113),
(3536, '2092.00', 9, 72, 47),
(3537, '2300.00', 10, 68, 34),
(3538, '2609.00', 3, 34, 97),
(3539, '2350.00', 1, 75, 50),
(3540, '2794.00', 3, 60, 10),
(3541, '2722.00', 7, 71, 97),
(3542, '2725.00', 1, 42, 153),
(3543, '2803.00', 10, 37, 89),
(3544, '2566.00', 8, 71, 145),
(3545, '2614.00', 3, 59, 155),
(3546, '2989.00', 6, 61, 70),
(3547, '2051.00', 8, 40, 49),
(3548, '2560.00', 3, 56, 124),
(3549, '2310.00', 8, 48, 153),
(3550, '2979.00', 1, 40, 86),
(3551, '2131.00', 6, 74, 96),
(3552, '2381.00', 9, 38, 100),
(3553, '2939.00', 5, 33, 103),
(3554, '2193.00', 5, 82, 19),
(3555, '2903.00', 1, 72, 135),
(3556, '2669.00', 10, 66, 100),
(3557, '2571.00', 6, 55, 70),
(3558, '2865.00', 1, 36, 46),
(3559, '2772.00', 8, 45, 87),
(3560, '2192.00', 7, 67, 53),
(3561, '2438.00', 8, 51, 87),
(3562, '2598.00', 9, 83, 60),
(3563, '2660.00', 6, 49, 58),
(3564, '2253.00', 6, 53, 97),
(3565, '2516.00', 2, 73, 64),
(3566, '2106.00', 10, 35, 36),
(3567, '2546.00', 6, 41, 61),
(3568, '2046.00', 9, 45, 98),
(3569, '2632.00', 3, 35, 71),
(3570, '2969.00', 10, 70, 37),
(3571, '2414.00', 9, 79, 70),
(3572, '2111.00', 2, 69, 136),
(3573, '2187.00', 2, 72, 90),
(3574, '2164.00', 7, 51, 136);
INSERT INTO `order_items` (`id`, `price`, `cnt`, `id_goods`, `id_order`) VALUES
(3575, '2827.00', 10, 40, 67),
(3576, '2899.00', 2, 60, 100),
(3577, '2601.00', 9, 34, 97),
(3578, '2637.00', 10, 83, 40),
(3579, '2937.00', 1, 64, 32),
(3580, '2082.00', 8, 49, 118),
(3581, '2073.00', 8, 61, 140),
(3582, '2769.00', 3, 70, 134),
(3583, '2972.00', 4, 52, 28),
(3584, '2656.00', 10, 67, 60),
(3585, '2055.00', 5, 55, 1),
(3586, '2033.00', 3, 33, 141),
(3587, '2856.00', 6, 45, 132),
(3588, '2272.00', 7, 44, 52),
(3589, '2270.00', 7, 76, 7),
(3590, '2233.00', 3, 58, 6),
(3591, '2702.00', 4, 46, 122),
(3592, '2528.00', 8, 49, 74),
(3593, '2294.00', 6, 70, 71),
(3594, '2785.00', 8, 62, 137),
(3595, '2489.00', 7, 79, 30),
(3596, '2790.00', 8, 41, 132),
(3597, '2536.00', 4, 83, 82),
(3598, '2116.00', 6, 48, 83),
(3599, '2844.00', 1, 68, 70),
(3600, '2048.00', 8, 47, 98),
(3601, '2547.00', 2, 73, 43),
(3602, '2569.00', 9, 64, 71),
(3603, '2407.00', 2, 35, 10),
(3604, '2966.00', 9, 74, 21),
(3605, '2537.00', 1, 56, 120),
(3606, '2493.00', 7, 75, 151),
(3607, '2248.00', 2, 67, 109),
(3608, '2238.00', 1, 40, 143),
(3609, '2627.00', 1, 78, 48),
(3610, '2212.00', 9, 54, 100),
(3611, '2968.00', 2, 56, 113),
(3612, '2771.00', 1, 45, 128),
(3613, '2626.00', 7, 61, 4),
(3614, '2336.00', 10, 56, 127),
(3615, '2566.00', 10, 39, 7),
(3616, '2926.00', 8, 39, 88),
(3617, '2159.00', 3, 73, 65),
(3618, '2609.00', 4, 57, 117),
(3619, '2273.00', 2, 65, 25),
(3620, '2163.00', 2, 46, 13),
(3621, '2846.00', 3, 49, 19),
(3622, '2195.00', 2, 80, 81),
(3623, '2191.00', 7, 65, 155),
(3624, '2037.00', 1, 71, 116),
(3625, '2589.00', 3, 69, 26),
(3626, '2301.00', 4, 69, 155),
(3627, '2703.00', 8, 36, 104),
(3628, '2064.00', 8, 59, 60),
(3629, '2485.00', 5, 45, 29),
(3630, '2365.00', 7, 74, 136),
(3631, '2357.00', 7, 80, 80),
(3632, '2864.00', 3, 65, 130),
(3633, '2551.00', 6, 58, 98),
(3634, '2773.00', 4, 74, 81),
(3635, '2906.00', 1, 45, 16),
(3636, '2341.00', 6, 39, 32),
(3637, '2204.00', 1, 59, 48),
(3638, '2638.00', 1, 40, 111),
(3639, '2024.00', 2, 38, 114),
(3640, '2321.00', 5, 52, 123),
(3641, '2017.00', 9, 76, 94),
(3642, '2577.00', 8, 70, 16),
(3643, '2185.00', 2, 70, 119),
(3644, '2181.00', 1, 69, 94),
(3645, '2160.00', 10, 50, 121),
(3646, '2957.00', 10, 77, 8),
(3647, '2251.00', 4, 49, 148),
(3648, '2408.00', 9, 36, 11),
(3649, '2498.00', 3, 36, 88),
(3650, '2468.00', 1, 44, 72),
(3651, '2313.00', 5, 41, 24),
(3652, '2173.00', 4, 43, 89),
(3653, '2468.00', 8, 35, 48),
(3654, '2957.00', 10, 80, 8),
(3655, '2371.00', 1, 70, 9),
(3656, '2295.00', 10, 38, 120),
(3657, '2458.00', 7, 66, 31),
(3658, '2477.00', 1, 64, 129),
(3659, '2385.00', 9, 71, 20),
(3660, '2487.00', 8, 65, 13),
(3661, '2556.00', 3, 38, 105),
(3662, '2930.00', 2, 37, 51),
(3663, '2699.00', 4, 60, 90),
(3664, '2835.00', 5, 59, 8),
(3665, '2667.00', 4, 79, 25),
(3666, '2839.00', 4, 52, 38),
(3667, '2691.00', 1, 74, 63),
(3668, '2259.00', 7, 59, 85),
(3669, '2708.00', 9, 69, 90),
(3670, '2755.00', 9, 77, 93),
(3671, '2450.00', 2, 78, 41),
(3672, '2754.00', 1, 57, 70),
(3673, '2013.00', 10, 70, 115),
(3674, '2065.00', 4, 67, 23),
(3675, '2869.00', 6, 82, 33),
(3676, '2998.00', 10, 55, 90),
(3677, '2202.00', 6, 56, 57),
(3678, '2944.00', 10, 45, 108),
(3679, '2118.00', 2, 50, 77),
(3680, '2138.00', 2, 65, 28),
(3681, '2190.00', 7, 50, 67),
(3682, '2430.00', 4, 74, 100),
(3683, '2992.00', 2, 46, 47),
(3684, '2653.00', 10, 73, 31),
(3685, '2963.00', 1, 72, 95),
(3686, '2144.00', 3, 56, 34),
(3687, '2708.00', 7, 38, 103),
(3688, '2849.00', 1, 50, 72),
(3689, '2805.00', 9, 34, 71),
(3690, '2353.00', 4, 47, 123),
(3691, '2780.00', 9, 74, 27),
(3692, '2850.00', 4, 35, 122),
(3693, '2313.00', 1, 65, 145),
(3694, '2361.00', 7, 75, 30),
(3695, '2756.00', 6, 73, 40),
(3696, '2952.00', 2, 55, 136),
(3697, '2307.00', 3, 50, 52),
(3698, '2193.00', 5, 65, 49),
(3699, '2969.00', 4, 53, 146),
(3700, '2061.00', 4, 70, 110),
(3701, '2848.00', 2, 49, 127),
(3702, '2652.00', 6, 39, 114),
(3703, '2532.00', 10, 48, 33),
(3704, '2473.00', 9, 50, 90),
(3705, '2587.00', 9, 65, 86),
(3706, '2067.00', 8, 34, 66),
(3707, '2590.00', 2, 36, 107),
(3708, '2749.00', 8, 68, 24),
(3709, '2181.00', 5, 61, 155),
(3710, '2329.00', 1, 68, 81),
(3711, '2233.00', 6, 42, 129),
(3712, '2652.00', 7, 51, 1),
(3713, '2016.00', 4, 53, 87),
(3714, '2081.00', 8, 33, 110),
(3715, '2368.00', 2, 40, 29),
(3716, '2025.00', 5, 69, 72),
(3717, '2601.00', 7, 37, 42),
(3718, '2958.00', 1, 69, 94),
(3719, '2249.00', 3, 44, 152),
(3720, '2720.00', 10, 34, 82),
(3721, '2820.00', 9, 75, 9),
(3722, '2789.00', 5, 79, 44),
(3723, '2083.00', 1, 48, 17),
(3724, '2509.00', 10, 35, 51),
(3725, '2505.00', 4, 42, 96),
(3726, '2131.00', 1, 73, 79),
(3727, '2222.00', 6, 38, 44),
(3728, '2126.00', 7, 75, 148),
(3729, '2504.00', 9, 36, 87),
(3730, '2122.00', 1, 76, 60),
(3731, '2952.00', 6, 56, 84),
(3732, '2995.00', 8, 45, 128),
(3733, '2706.00', 10, 50, 38),
(3734, '2424.00', 2, 66, 144),
(3735, '2502.00', 5, 39, 128),
(3736, '2224.00', 2, 78, 128),
(3737, '2604.00', 4, 41, 115),
(3738, '2848.00', 4, 57, 81),
(3739, '2411.00', 8, 81, 88),
(3740, '2078.00', 6, 40, 147),
(3741, '2643.00', 3, 45, 147),
(3742, '2958.00', 8, 46, 99),
(3743, '2832.00', 6, 35, 34),
(3744, '2913.00', 6, 36, 7),
(3745, '2966.00', 7, 53, 134),
(3746, '2680.00', 9, 80, 54),
(3747, '2763.00', 7, 71, 113),
(3748, '2824.00', 5, 37, 66),
(3749, '2962.00', 9, 51, 56),
(3750, '2413.00', 3, 63, 6),
(3751, '2560.00', 1, 53, 128),
(3752, '2882.00', 7, 74, 10),
(3753, '2981.00', 5, 33, 8),
(3754, '2277.00', 10, 70, 92),
(3755, '2828.00', 2, 77, 109),
(3756, '2767.00', 8, 83, 62),
(3757, '2914.00', 9, 65, 60),
(3758, '2914.00', 2, 40, 136),
(3759, '2661.00', 8, 62, 123),
(3760, '2890.00', 5, 76, 23),
(3761, '2955.00', 7, 74, 138),
(3762, '2863.00', 3, 49, 45),
(3763, '2750.00', 4, 59, 29),
(3764, '2043.00', 2, 57, 56),
(3765, '2903.00', 4, 44, 112),
(3766, '2202.00', 1, 48, 121),
(3767, '2315.00', 6, 50, 145),
(3768, '2698.00', 3, 80, 99),
(3769, '2538.00', 9, 50, 90),
(3770, '2340.00', 2, 77, 41),
(3771, '2009.00', 3, 34, 78),
(3772, '2035.00', 7, 58, 148),
(3773, '2929.00', 3, 48, 21),
(3774, '2166.00', 6, 56, 155),
(3775, '2026.00', 5, 56, 117),
(3776, '2375.00', 1, 71, 22),
(3777, '2521.00', 9, 52, 77),
(3778, '2947.00', 6, 70, 90),
(3779, '2401.00', 10, 41, 79),
(3780, '2448.00', 10, 73, 154),
(3781, '2729.00', 3, 54, 70),
(3782, '2978.00', 3, 58, 39),
(3783, '2661.00', 9, 33, 40),
(3784, '2801.00', 9, 74, 135),
(3785, '2259.00', 5, 38, 121),
(3786, '2329.00', 3, 50, 79),
(3787, '2321.00', 9, 83, 16),
(3788, '2712.00', 4, 43, 22),
(3789, '2290.00', 2, 64, 54),
(3790, '2009.00', 7, 38, 31),
(3791, '2362.00', 10, 75, 48),
(3792, '2382.00', 8, 47, 116),
(3793, '2182.00', 7, 46, 8),
(3794, '2868.00', 3, 50, 117),
(3795, '2132.00', 10, 35, 66),
(3796, '2472.00', 3, 40, 19),
(3797, '2507.00', 4, 46, 38),
(3798, '2498.00', 1, 43, 38),
(3799, '2455.00', 1, 33, 140),
(3800, '2679.00', 5, 72, 115),
(3801, '2788.00', 8, 33, 118),
(3802, '2736.00', 5, 46, 133),
(3803, '2963.00', 7, 44, 29),
(3804, '2506.00', 9, 56, 55),
(3805, '2403.00', 1, 66, 88),
(3806, '2669.00', 5, 42, 135),
(3807, '2947.00', 3, 82, 92),
(3808, '2239.00', 4, 72, 70),
(3809, '2997.00', 6, 68, 105),
(3810, '2627.00', 4, 44, 87),
(3811, '2957.00', 3, 64, 44),
(3812, '2028.00', 6, 39, 84),
(3813, '2787.00', 2, 39, 22),
(3814, '2893.00', 2, 77, 95),
(3815, '2063.00', 5, 62, 40),
(3816, '2201.00', 1, 58, 108),
(3817, '2041.00', 2, 68, 15),
(3818, '2484.00', 6, 40, 148);

-- --------------------------------------------------------

--
-- Table structure for table `pages`
--

CREATE TABLE IF NOT EXISTS `pages` (
  `id` int(10) NOT NULL AUTO_INCREMENT,
  `alias` varchar(255) NOT NULL,
  `title` varchar(255) NOT NULL,
  `description` varchar(500) DEFAULT NULL,
  `keywords` varchar(255) DEFAULT NULL,
  `text` varchar(2500) DEFAULT NULL,
  `updated_at` datetime DEFAULT NULL,
  `deleted` varchar(255) DEFAULT NULL,
  PRIMARY KEY (`id`)
) ENGINE=InnoDB  DEFAULT CHARSET=utf8 AUTO_INCREMENT=3 ;

--
-- Dumping data for table `pages`
--

INSERT INTO `pages` (`id`, `alias`, `title`, `description`, `keywords`, `text`, `updated_at`, `deleted`) VALUES
(1, 'about', 'О нас', 'О нас', 'о нас, e-commerce', '<p>Все пользователи интернета, уже всецело стали делать покупки в онлайн магазинах. И при этом не доверчивых людей становиться с каждой минутой все меньше и меньше. Наша команда, решила тоже открыть свой интернет магазин.\r\nРодился наш магазин совсем не давно, в августе 2014 года, основной идеей стало то, что мы, живя на острове Самуй в Тайланде, можем помочь приобрести различные виды товаров, любому человеку, который захочет прикупить себе вещичку из Тайланда. Наш магазин специализируется в нескольких направлениях. Мы выбрали три основные — это изделия из кожи, косметические средства и продукты питания.</p>\r\n<p>Не бойтесь совершать покупки в нашем интернет магазине. Ведь мы работаем в интернете уже не первый год, и вы можете изучить личные данные, каждого участника нашего проекта. И убедиться в том, что мы честны со всеми, кто к нам обращается. Честность это главное в успехе компании и мы этим не пренебрегаем.\r\nПочему именно мы, а никто-то другой?Первое и самое главное, мы отправим вам ваш заказ уже на следующий день, как вы только сделаете  заказ. Доставка товаров осуществляется с помощью почты. Срок доставки варьируется  в районе 2 недель, во все страны СНГ. Две недели это максимальный срок доставки. Если вы захотите сделать срочный заказ, и получить товар еще быстрее, пишите нам, и мы обсудим все возможные варианты.\r\nВторой не менее важный момент. Это, конечно же, оплата. Самое простое, что мы можем вам предложить, это оплатить заказ банковской картой, либо просто полнить нашу карту. Список видов оплат вы увидите ниже.</p>\r\n\r\n', '2015-12-20 19:35:31', '0'),
(2, 'payment', 'Способы оплаты', 'Способы оплаты', 'payments', '<b>Оплата по квитанции в банке</b>\r\n\r\n<p>На странице рекламной кампании в интерфейсе Директа нажмите кнопку Оплатить. Попав на страницу оплаты, введите сумму платежа и нажмите кнопку Выписать счет.</p>\r\n\r\n<p>Укажите, что оплату будет производить физическое лицо. Выберите способ оплаты «Наличными в банке».\r\n	Примечание. Способы оплаты для юридических лиц описаны в разделе Способы оплаты для российских компаний.\r\n	В Директе будет сформирован счет и квитанция для его оплаты. Квитанцию можно распечатать, загрузить в формате Word или получить по электронной почте, выбрав соответствующую опцию в интерфейсе. Реквизиты квитанции можно использовать для оплаты счета в любом удобном для вас отделении банка.</p>\r\n\r\n<p>При оплате сумма и реквизиты плательщика обязательно должны соответствовать указанным в счете. Если вы хотите оплатить счет на другую сумму, сформируйте в интерфейсе новую квитанцию.\r\n 	Убедитесь, что ваш платеж правильно проведен и на оплаченной квитанции в отметке операциониста указан полный и точный номер вашего счета. Без этих данных невозможно установить, что оплата поступила от вас, и мы не сможем автоматически зачислить денежные средства на вашу кампанию.\r\n 	Закрывающие документы после оплаты высылаются только юридическим лицам и индивидуальным предпринимателям.</p>\r\n\r\n\r\n<b>Оплата через интернет-банкинг</b>\r\n\r\n<p>Физические лица могут оплатить квитанцию, сформированную в интерфейсе Директа, через интернет-банкинг. Как и для оплаты через банк, в этом случае необходимо выбрать в интерфейсе способ «Наличными в банке».\r\n	Выберите удобную для себя систему интернет-банкинга и сформируйте в ней платежное поручение с указанными в квитанции реквизитами. Обязательно укажите номер оплачиваемого счета в примечаниях к платежу.</p>\r\n\r\n<p>Примечание. Юридические лица могут оплачивать свои кампании с помощью системы клиент-банк. Описание этолго способа оплаты привезено в разделе Способы оплаты для российских компаний.</p>\r\n\r\n\r\n<b>Оплата банковской картой</b>\r\n\r\n<p>К оплате принимаются банковские карты Visa и EuroCard/MasterCard.\r\n	Платеж происходит в режиме реального времени и зачисляется в течение 15 минут.\r\n	Внимание! \r\n	При оплате банковской картой максимальный размер платежа составляет 49 999,99 рублей.\r\n	Оплатить заказ от имени юридического лица можно только корпоративной банковской картой, выписанной на соответствующее юридическое лицо.\r\n	Банковские карты Cirrus Maestro и Visa Electron не принимаются к оплате.</p>\r\n\r\n', '2015-12-26 17:11:20', '0');

-- --------------------------------------------------------

--
-- Table structure for table `status`
--

CREATE TABLE IF NOT EXISTS `status` (
  `id` tinyint(3) unsigned NOT NULL AUTO_INCREMENT,
  `title` varchar(255) NOT NULL,
  PRIMARY KEY (`id`)
) ENGINE=InnoDB  DEFAULT CHARSET=utf8 COMMENT='таблица для хранения различных статусов заказов' AUTO_INCREMENT=8 ;

--
-- Dumping data for table `status`
--

INSERT INTO `status` (`id`, `title`) VALUES
(1, 'Новый'),
(2, 'Подтвержден'),
(3, 'Собран'),
(4, 'Отгружен'),
(5, 'Доставлен'),
(6, 'Возврат'),
(7, 'Отменен');

-- --------------------------------------------------------

--
-- Table structure for table `users`
--

CREATE TABLE IF NOT EXISTS `users` (
  `id` int(11) unsigned NOT NULL AUTO_INCREMENT,
  `name` varchar(200) NOT NULL,
  `lastname` varchar(200) NOT NULL,
  `birthday` date DEFAULT NULL,
  `email` varchar(50) NOT NULL,
  `password` varchar(255) NOT NULL,
  `is_active` tinyint(1) DEFAULT NULL,
  `reg_date` timestamp NOT NULL DEFAULT CURRENT_TIMESTAMP ON UPDATE CURRENT_TIMESTAMP,
  `last_update` datetime DEFAULT NULL,
  `is_admin` tinyint(1) DEFAULT '0',
  PRIMARY KEY (`id`),
  UNIQUE KEY `UK_users_id` (`id`)
) ENGINE=InnoDB  DEFAULT CHARSET=utf8 COMMENT='таблица для хранения пользователей' AUTO_INCREMENT=38 ;

--
-- Dumping data for table `users`
--

INSERT INTO `users` (`id`, `name`, `lastname`, `birthday`, `email`, `password`, `is_active`, `reg_date`, `last_update`, `is_admin`) VALUES
(1, 'Карлос', 'Слим-Элу', '0000-00-00', 'email1@somehost.com', 'BksEF0wcZ4', 1, '2027-11-20 10:00:00', '2028-11-20 15:00:00', NULL),
(2, 'Уоррен', 'Баффет', '0000-00-00', 'email2@somehost.com', 'y1RsLqb9IP', 1, '2027-11-20 11:00:00', '2028-11-20 16:00:00', NULL),
(3, 'Амансио', 'Ортега', '0000-00-00', 'email3@somehost.com', '0xxoQM33XA', 1, '2027-11-20 12:00:00', '2028-11-20 17:00:00', NULL),
(4, 'Лоуренс', 'Эллисон', '0000-00-00', 'email4@somehost.com', '9lu6SVxzX5', 1, '2027-11-20 13:00:00', '2028-11-20 18:00:00', NULL),
(5, 'Чарльз', 'Кох', '0000-00-00', 'email5@somehost.com', 'OWjzeZvHle', 1, '2027-11-20 14:00:00', '2028-11-20 19:00:00', NULL),
(6, 'David', 'Кох', '0000-00-00', 'email6@somehost.com', 'i6SEygjAyt', 1, '2027-11-20 15:00:00', '2028-11-20 20:00:00', NULL),
(7, 'Кристина', 'Уолтон', '0000-00-00', 'email7@somehost.com', 'BvYb6HVqxU', 1, '2027-11-20 16:00:00', '2028-11-20 21:00:00', NULL),
(8, 'Джим', 'Уолтон', '0000-00-00', 'email8@somehost.com', 'lTMoPi4EZL', 1, '2027-11-20 17:00:00', '2028-11-20 22:00:00', NULL),
(9, 'Лилиан', 'Бетанкур', '0000-00-00', 'email9@somehost.com', 'UqBU92eyPF', 1, '2027-11-20 18:00:00', '2028-11-20 23:00:00', NULL),
(10, 'Элис', 'Уолтон', '0000-00-00', 'email10@somehost.com', 'O1wzlOALHG', 1, '0000-00-00 00:00:00', '0001-01-16 00:00:00', NULL),
(11, 'Робсон', 'Уолтон', '0000-00-00', 'email11@somehost.com', '7crz16BuG9', 1, '0000-00-00 00:00:00', '2015-11-28 10:37:47', NULL),
(12, 'Бернар', 'Арно', '0000-00-00', 'email12@somehost.com', '10Ls0rfiF3', 0, '2015-11-28 05:38:09', '0216-01-09 00:00:00', NULL),
(13, 'Майкл', 'Блумберг', '0000-00-00', 'email13@somehost.com', 'UUNkTnPHlM', 1, '0000-00-00 00:00:00', '0001-01-24 00:00:00', NULL),
(14, 'Джефф', 'Безос', '2010-11-20', 'email14@somehost.com', 'uQ9hpKPQ4d', 0, '0000-00-00 00:00:00', '2015-11-28 10:38:14', NULL),
(15, 'Марк', 'Цукерберг', '2010-11-20', 'email15@somehost.com', 'ALDlCunGUK', 1, '0000-00-00 00:00:00', '0001-01-23 00:00:00', NULL),
(16, 'Ли', 'Кашин', '2010-11-20', 'email16@somehost.com', 'GMJ6QQsNvx', 1, '2015-11-28 05:38:22', '2015-11-28 10:38:27', NULL),
(17, 'Шелдон', 'Адельсон', '2010-11-20', 'email16@somehost.com', 'Ob7vyUz1pR', 0, '0000-00-00 00:00:00', '0001-01-25 00:00:00', NULL),
(18, 'Ларри', 'Пейдж', '2010-11-20', 'email17@somehost.com', 'pQkBDbQunG', 1, '0000-00-00 00:00:00', '2015-11-28 10:38:45', NULL),
(19, 'Георг', 'Шеффлер', '2010-11-20', 'email18@somehost.com', 'sBgMkc3pJA', 1, '0000-00-00 00:00:00', '0001-01-11 00:00:00', NULL),
(20, 'Форрест', 'Марс', '2010-11-20', 'email19@somehost.com', 'nmlUXAQUEG', 1, '0000-00-00 00:00:00', '2015-11-28 10:38:58', NULL),
(21, 'Жаклин', 'Марс', '2010-11-20', 'email20@somehost.com', 's3Chc7Jeej', 1, '0000-00-00 00:00:00', '0001-01-12 00:00:00', NULL),
(22, 'Джон', 'Марс', '2010-11-20', 'email21@somehost.com', 'lvpPwdmg9i', 1, '2015-11-28 05:39:06', '0001-01-27 00:00:00', NULL),
(23, 'Дэвид', 'Томсон', '2010-11-20', 'email22@somehost.com', 'gGSUwtzQaC', 1, '0000-00-00 00:00:00', '2015-11-28 10:39:15', NULL),
(24, 'Жорже', 'Паулу-Леманн', '2010-11-20', 'email23@somehost.com', 'WFipP9zLXH', 1, '0000-00-00 00:00:00', '2015-11-28 10:39:20', NULL),
(25, 'Ли', 'Шауки', '2010-11-20', 'email24@somehost.com', 'yB5X3SIi4F', 1, '0000-00-00 00:00:00', '0001-01-31 00:00:00', NULL),
(26, 'Стефан', 'Перссон', '2010-11-20', 'email25@somehost.com', 'MaTFW9s4KA', 1, '0000-00-00 00:00:00', '2015-11-28 10:39:30', NULL),
(27, 'Джордж', 'Сорос', '2010-11-20', 'email26@somehost.com', 'W3lmpLoLXv', 1, '2015-11-28 05:39:32', '2015-11-28 10:39:35', NULL),
(28, 'Ван', 'Цзяньлинь', '2010-11-20', 'email27@somehost.com', 'FdedVNBZE5', 1, '0000-00-00 00:00:00', '0001-01-31 00:00:00', NULL),
(34, 'Даурен', 'Сдыков', '2015-12-27', 'elessarelfstone@mail.ru', '$2y$12$QjSH496pcT5CEbzjD/vtVeH03tfHKFy36d4J0Ltp3lRtee9HDxY3K', 1, '2015-12-25 07:47:20', '0000-00-00 00:00:00', 1);

--
-- Constraints for dumped tables
--

--
-- Constraints for table `cart`
--
ALTER TABLE `cart`
  ADD CONSTRAINT `FK_cart_goods_id` FOREIGN KEY (`id_goods`) REFERENCES `goods` (`id`) ON DELETE NO ACTION ON UPDATE NO ACTION,
  ADD CONSTRAINT `FK_cart_users_id` FOREIGN KEY (`id_user`) REFERENCES `users` (`id`) ON DELETE NO ACTION ON UPDATE NO ACTION;

--
-- Constraints for table `goods`
--
ALTER TABLE `goods`
  ADD CONSTRAINT `FK_goods_brand_id` FOREIGN KEY (`id_brand`) REFERENCES `brand` (`id`) ON DELETE NO ACTION ON UPDATE NO ACTION,
  ADD CONSTRAINT `FK_goods_categoryes_id` FOREIGN KEY (`id_category`) REFERENCES `categoryes` (`id`) ON DELETE NO ACTION ON UPDATE NO ACTION;

--
-- Constraints for table `orders`
--
ALTER TABLE `orders`
  ADD CONSTRAINT `FK_orders` FOREIGN KEY (`id_user`) REFERENCES `users` (`id`) ON DELETE NO ACTION ON UPDATE NO ACTION,
  ADD CONSTRAINT `FK_orders2` FOREIGN KEY (`id_status`) REFERENCES `status` (`id`) ON DELETE NO ACTION ON UPDATE NO ACTION;

--
-- Constraints for table `order_items`
--
ALTER TABLE `order_items`
  ADD CONSTRAINT `FK_order_items` FOREIGN KEY (`id_goods`) REFERENCES `goods` (`id`) ON DELETE NO ACTION ON UPDATE NO ACTION,
  ADD CONSTRAINT `FK_order_items2` FOREIGN KEY (`id_order`) REFERENCES `orders` (`id`) ON DELETE NO ACTION ON UPDATE NO ACTION;

/*!40101 SET CHARACTER_SET_CLIENT=@OLD_CHARACTER_SET_CLIENT */;
/*!40101 SET CHARACTER_SET_RESULTS=@OLD_CHARACTER_SET_RESULTS */;
/*!40101 SET COLLATION_CONNECTION=@OLD_COLLATION_CONNECTION */;
